director_id;movie_id
8;4860
17;4719
23;1807
59;4154
59;4431
62;5253
93;4901
194;400
198;2108
218;401
246;1123
267;1447
267;1451
280;2252
283;4114
288;1985
297;2858
297;4507
302;1118
344;1091
359;5211
365;151
459;4356
523;3240
526;2719
570;4204
585;2191
592;5186
610;3139
611;1408
614;4270
657;2225
667;3512
685;2918
720;4960
724;4099
747;4062
753;2491
757;1305
836;1163
865;1751
967;3515
980;3956
983;3577
1014;5047
1019;381
1019;2417
1019;2883
1029;1009
1102;344
1102;2437
1137;1135
1138;5277
1178;5050
1184;126
1206;2610
1217;5117
1225;893
1239;3997
1246;4123
1246;4478
1328;1180
1376;2578
1394;3311
1402;4973
1432;3319
1444;1219
1460;2946
1493;2115
1498;3366
1529;2163
1559;1340
1575;3455
1575;3569
1578;314
1627;392
1632;3191
1687;4217
1689;4481
1695;1425
1717;3159
1719;2850
1723;3509
1731;5097
1745;3411
1760;4509
1772;1456
1772;4521
1790;3433
1801;1684
1846;4180
1846;4202
1846;4275
1852;4180
1855;4460
1908;1893
1929;2006
2000;1423
2000;1645
2068;2383
2113;5185
2172;5120
2194;5261
2255;2876
2316;2200
2324;1924
2326;461
2326;465
2326;4506
2407;4895
2442;2179
2511;1782
2511;2005
2511;2322
2511;2535
2511;2994
2530;5006
2575;404
2580;2106
2594;908
2640;5096
2649;1365
2683;2118
2721;2451
2737;2531
2794;497
2850;4906
2891;565
2934;912
2992;305
3033;444
3099;3101
3113;1996
3134;4482
3156;4723
3181;1767
3181;4036
3252;1853
3353;1031
3357;3069
3385;306
3393;428
3408;1113
3442;809
3451;3381
3463;910
3512;2210
3514;2993
3519;3107
3545;679
3566;4915
3570;4518
3583;284
3608;441
3732;1364
3753;4399
3756;4473
3764;4884
3822;2545
3822;2845
3825;3542
3827;4325
3833;3340
3858;5103
3887;1896
3898;953
3985;869
4043;4934
4115;1028
4132;2455
4138;366
4144;4974
4158;2585
4158;4059
4158;4150
4158;4181
4173;356
4178;4400
4196;429
4213;2226
4241;2123
4246;41
4274;541
4274;1604
4276;1852
4338;3966
4353;2247
4371;4006
4395;1571
4460;663
4467;1302
4472;3546
4478;4862
4505;691
4509;4097
4509;4160
4510;841
4510;4851
4523;3036
4576;869
4616;370
4638;3431
4665;3448
4687;4649
4700;5169
4825;1985
4856;1859
4978;3927
5041;3177
5047;2166
5095;5184
5109;660
5109;4626
5126;4974
5159;5296
5163;33
5168;2487
5168;5131
5171;1838
5177;2634
5198;3048
5199;282
5199;1644
5231;1690
5231;3222
5249;4119
5264;5259
5365;2729
5409;895
5410;4806
5414;473
5426;3581
5444;3343
5445;2653
5499;2120
5499;3424
5509;5292
5584;272
5603;3137
5622;3363
5624;2693
5628;1880
5701;3973
5722;4295
5760;3275
5786;3728
5803;3494
5852;2361
6053;2981
6177;4963
6270;3914
6290;920
6290;2125
6290;2808
6290;3089
6290;3192
6290;3548
6293;1962
6293;1974
6293;1994
6293;2008
6293;2021
6324;1633
6409;499
6423;69
6432;5252
6552;625
6558;4513
6608;1617
6672;3054
6692;2601
6705;3414
6721;3236
6721;3237
6762;3010
6796;2252
6852;3267
6862;1366
6877;1939
6895;1847
6940;1380
6967;173
7009;4832
7031;4461
7040;4189
7040;4350
7049;4254
7058;4474
7075;4070
7075;4342
7082;4179
7086;4288
7090;141
7090;4153
7090;4417
7090;4423
7090;4872
7091;4068
7098;4328
7105;4438
7105;4477
7107;4846
7125;4080
7125;4146
7127;4172
7136;4137
7248;4026
7264;584
7264;1834
7268;564
7304;1508
7335;2213
7347;2304
7371;4210
7372;3580
7377;4369
7382;4057
7382;4065
7420;2252
7473;2450
7490;40
7501;2248
7550;2319
7554;1425
7588;3231
7635;3385
7735;5107
7736;1665
7764;842
7791;1438
7792;1335
7823;2073
7829;5119
7841;160
7876;4306
7893;382
7911;3422
7987;1828
7994;490
8020;3183
8111;822
8112;4798
8116;402
8116;459
8116;463
8116;2676
8116;4796
8193;1986
8211;3125
8212;1507
8224;1206
8228;3419
8230;4158
8248;3234
8248;3237
8255;3009
8357;1808
8358;3198
8360;351
8387;1383
8427;3472
8460;3330
8479;2099
8499;175
8500;175
8521;50
8521;5221
8542;495
8542;1863
8687;2495
8702;3523
8702;5098
8714;4859
8718;4881
8722;4883
8727;4310
8727;4436
8756;1992
8759;538
8791;2887
8807;1885
8807;1886
8860;1473
8860;1857
8861;4250
8864;2252
8887;367
8911;2968
8963;1096
8965;5311
8973;1031
8996;77
8996;220
9031;3990
9040;4980
9055;4694
9072;4822
9083;657
9132;3550
9134;2000
9197;3405
9227;1658
9253;2584
9253;3379
9271;1005
9271;1014
9326;1150
9354;3243
9382;2511
9387;477
9430;1147
9478;2468
9510;4676
9530;3195
9534;1359
9534;2180
9534;2186
9537;1205
9565;37
9586;1000
9586;5182
9660;1578
9683;563
9691;3202
9693;965
9715;2896
9865;1378
9871;506
9919;5213
9920;4022
9932;58
9969;2881
9970;2
10079;1805
10079;1823
10108;2731
10112;2049
10119;3279
10121;3279
10124;1053
10191;4746
10194;3269
10218;274
10379;336
10383;1855
10408;5222
10416;2310
10436;133
10449;5128
10457;3390
10457;5270
10515;3407
10516;3246
10540;2990
10554;1602
10593;1940
10596;4969
10598;4132
10600;2862
10637;827
10649;2688
10735;3140
10747;1948
10754;3927
10758;1311
10758;5093
10809;1774
10809;3662
10930;684
10938;3995
10982;5234
10985;267
10985;5147
11063;3559
11065;2841
11070;4929
11082;3038
11095;1920
11133;502
11134;2701
11143;5240
11175;2252
11205;2440
11220;632
11229;4868
11250;5179
11332;1311
11367;589
11373;337
11391;3445
11465;4021
11492;2472
11495;2945
11506;3384
11509;701
11548;179
11557;4910
11565;3353
11574;3208
11585;3139
11608;1026
11649;559
11652;5306
11679;814
11690;4919
11736;1407
11806;2404
11812;3530
11857;5154
11906;3105
12068;180
12074;2245
12086;2669
12099;2927
12110;3520
12111;1860
12114;3543
12117;1656
12125;379
12168;1190
12182;1956
12189;2704
12235;3936
12258;1385
12280;3168
12357;1749
12360;1519
12389;1865
12421;1041
12425;2474
12435;4987
12436;4923
12462;626
12489;2025
12556;1422
12567;1614
12668;4598
12709;2016
12724;327
12747;1549
12768;440
12774;1432
12776;3139
12781;4527
12814;204
12821;417
12825;279
12826;1034
12826;1036
12852;3337
12896;31
12897;5201
12925;563
12990;393
12992;374
13025;840
13037;2252
13044;3477
13062;886
13078;1311
13093;5225
13098;1357
13107;4918
13139;3438
13171;117
13171;118
13176;647
13176;999
13203;3457
13208;1101
13226;3976
13260;921
13263;705
13287;987
13303;2812
13334;940
13357;2252
13359;2297
13363;2525
13376;980
13407;52
13407;53
13468;4067
13469;4072
13469;4216
13469;4255
13469;4351
13471;4426
13504;4808
13514;1607
13521;3386
13630;3449
13700;2385
13705;4877
13706;4890
13711;4168
13737;2500
13795;5219
13805;4230
13835;1306
13866;1755
13911;1199
13937;4564
13941;2793
13942;2793
13973;3260
13974;3247
13999;200
13999;1585
14093;1044
14135;3244
14149;2986
14186;4174
14195;2103
14210;3354
14243;2211
14245;4807
14257;2782
14257;2984
14295;4173
14297;1392
14298;4084
14335;4169
14335;4289
14397;2675
14429;1486
14433;3141
14463;2781
14521;3287
14538;2187
14566;3568
14810;1066
14814;1052
14864;2102
14914;2466
14934;5075
14952;1991
14954;121
15060;3111
15119;4586
15163;620
15183;2519
15227;3462
15240;384
15255;4688
15292;1361
15293;2030
15298;4389
15322;3301
15370;4990
15399;4687
15399;4692
15416;4921
15439;153
15447;2657
15447;2658
15447;2659
15448;1071
15460;5113
15523;3341
15571;2576
15687;2567
15707;1581
15725;627
15725;4703
15727;1502
15727;3338
15746;332
15797;15
15822;1898
15862;3961
15862;3962
15862;3963
15862;5310
15885;1367
15892;1061
15938;3383
15940;3563
15942;3623
15942;3667
15986;1817
15989;3556
16015;3115
16016;2347
16031;94
16036;357
16040;2402
16145;1619
16149;3518
16156;1138
16173;1194
16174;2155
16229;5111
16233;4514
16252;954
16274;1200
16366;3056
16366;3057
16385;4656
16391;1326
16432;248
16501;798
16520;3213
16529;2116
16599;385
16600;3943
16621;4760
16621;4765
16666;1092
16750;4730
16819;2874
16856;2453
16869;3553
16887;2890
16906;1688
16948;968
16965;2252
16970;5005
16973;4597
16988;3147
17014;1637
17026;613
17054;665
17095;4037
17111;1528
17154;1651
17154;3273
17208;1889
17330;256
17338;3139
17348;2867
17349;1488
17364;3069
17383;4402
17402;2001
17425;159
17496;1455
17590;3939
17673;3324
17706;1007
17733;3034
17764;3012
17776;73
17896;4565
17910;4076
17910;4165
17910;4454
17910;4878
17919;4856
17919;4894
17935;896
17961;2537
17971;4290
17983;680
17984;2380
18007;469
18007;2507
18069;3121
18102;2041
18107;5064
18131;1734
18143;1847
18178;2069
18184;682
18193;1470
18212;2471
18252;845
18254;5165
18325;2083
18325;2980
18325;3524
18327;2988
18329;5104
18376;3346
18386;4606
18389;1758
18406;2154
18439;2281
18477;1862
18491;2566
18530;4301
18562;4133
18587;914
18587;4302
18620;978
18638;1501
18638;4927
18639;1166
18649;3007
18665;2678
18669;1794
18686;900
18686;1493
18686;1742
18686;2047
18686;2398
18686;2630
18686;2959
18686;3078
18686;3079
18686;3165
18699;2345
18716;196
18724;2916
18756;5101
18809;4550
18918;1613
18938;1785
18996;3829
18996;3867
19005;3204
19011;3311
19017;2059
19031;5279
19034;140
19106;4922
19126;3275
19137;2240
19143;1791
19143;4607
19167;197
19202;5018
19256;1944
19294;2598
19300;3399
19300;4523
19309;292
19309;294
19309;295
19325;2974
19329;394
19349;2552
19360;2859
19400;834
19403;4232
19404;1748
19410;1864
19433;3058
19433;3225
19448;4602
19491;1816
19540;1923
19551;4024
19573;898
19573;1417
19581;1586
19589;2252
19603;3478
19652;5118
19655;907
19660;4452
19660;4517
19664;4163
19667;4009
19671;4728
19675;4045
19689;2946
19734;5149
19783;602
19783;5011
19790;2794
19792;819
19858;1819
19858;4647
19914;3333
19915;5241
19923;1844
19927;4186
19927;4224
19929;4104
19929;4276
19929;4293
19939;4738
19961;1568
19961;4700
20105;176
20105;2034
20120;2229
20133;4993
20141;251
20162;253
20167;3329
20237;270
20259;291
20259;850
20275;1838
20287;4201
20329;5318
20338;2650
20367;2596
20410;1928
20417;3110
20443;3519
20466;1364
20477;5087
20488;2537
20640;2641
20646;2153
20717;1065
20755;2933
20767;1735
20767;2829
20767;2889
20767;2894
20767;2957
20771;1544
20834;1311
20864;664
20896;2873
20904;4033
20927;4500
20952;4544
21016;3541
21017;2346
21061;4514
21074;1837
21120;5060
21138;2730
21148;4745
21187;669
21234;2032
21234;2127
21337;1425
21350;5189
21406;130
21414;3561
21433;1699
21443;2569
21472;1625
21546;635
21612;3150
21635;3218
21638;2301
21638;2311
21638;2326
21638;2353
21638;2360
21638;2364
21638;2375
21638;2515
21638;2525
21638;2538
21638;2548
21677;5295
21678;3311
21737;5068
21775;2252
21788;4981
21789;562
21805;3574
21834;4336
21836;4175
21836;4252
21843;4193
21848;4278
21849;4892
21866;4645
21888;5114
21904;2124
21954;396
21960;1987
21960;5026
21978;3490
22016;4914
22019;2667
22045;2530
22045;4014
22045;4240
22045;4476
22053;2722
22065;299
22067;299
22079;686
22082;187
22104;5197
22122;2803
22130;1481
22141;1895
22152;3558
22152;3560
22153;1107
22153;1137
22160;443
22192;347
22199;4792
22205;3062
22251;5182
22255;606
22300;686
22318;2130
22355;4759
22373;3416
22407;466
22444;1455
22481;2491
22532;4898
22532;5257
22559;5275
22603;26
22693;901
22742;609
22786;4447
22799;1900
22823;1024
22859;1630
22862;478
22862;1051
22863;1766
22921;422
22984;3264
23010;2462
23016;670
23027;4312
23159;4773
23162;1600
23180;3499
23213;4824
23229;485
23234;3538
23245;5264
23248;3504
23274;2479
23348;3186
23357;2158
23388;2213
23391;2929
23478;3890
23487;4767
23500;136
23504;4601
23523;438
23531;5153
23588;4020
23642;1211
23675;636
23695;1140
23720;4709
23805;308
23836;3087
23933;944
23958;3311
24020;4101
24023;4286
24043;484
24110;2469
24116;3470
24116;3476
24117;2799
24176;3169
24182;2997
24273;554
24329;941
24334;4847
24346;491
24347;4533
24351;3458
24366;2197
24388;4540
24406;3555
24457;2575
24457;3514
24542;615
24568;3412
24610;1114
24738;4745
24749;1874
24776;894
24784;2668
24804;164
24807;2468
24936;2295
24941;2739
24956;303
24966;1437
24966;1445
25001;165
25006;2131
25058;1225
25116;124
25116;3404
25120;639
25120;1643
25134;2741
25146;4911
25154;3572
25175;3531
25190;1382
25190;1387
25190;1398
25190;1404
25209;2661
25229;2732
25264;5152
25285;2244
25328;3157
25358;3468
25368;1879
25369;1339
25372;622
25377;3375
25390;3501
25391;4965
25395;3311
25413;4954
25459;307
25466;2071
25466;2104
25466;3005
25480;2342
25505;1655
25539;551
25592;750
25674;414
25696;1955
25718;1224
25720;1960
25761;630
25764;186
25771;1369
25784;4653
25791;1548
25812;3327
25816;5175
25853;5069
25863;1598
25879;455
25911;2898
25942;5048
25947;5032
25965;1784
25973;2766
25973;3274
25998;844
26028;188
26063;4949
26068;3369
26173;1097
26183;5220
26200;1618
26201;4248
26249;1059
26262;2256
26280;1060
26283;984
26288;970
26295;3749
26295;3761
26338;2470
26349;4829
26364;681
26364;2223
26364;2587
26364;2588
26396;4771
26448;65
26464;4783
26468;4993
26471;2529
26496;2822
26515;4971
26563;3256
26583;527
26583;528
26583;2992
26606;2956
26614;3380
26674;3567
26704;1117
26735;1509
26750;2607
26794;1318
26803;4637
26803;4638
26829;3365
26843;4536
26868;995
26903;244
26921;4959
26974;492
26974;496
26982;2325
26987;1810
26988;4985
27024;1737
27024;1740
27041;2027
27054;4786
27068;807
27150;4042
27150;4050
27150;4407
27173;4268
27174;4888
27192;5161
27223;5254
27231;805
27252;2109
27252;4716
27254;5272
27269;3106
27274;4528
27275;1544
27283;686
27293;1134
27296;1664
27373;3461
27407;3073
27429;376
27474;5076
27524;911
27600;1074
27626;3003
27644;1582
27699;542
27751;3443
27837;913
27853;4684
27891;1303
27931;686
27935;4537
27947;5113
27951;4831
27993;4679
27995;555
28015;691
28032;2139
28100;1871
28129;19
28149;1030
28156;451
28194;1204
28195;1204
28260;3360
28271;4555
28275;4063
28286;675
28287;5276
28324;2149
28326;1395
28361;1878
28376;3002
28398;1877
28435;3871
28463;3188
28481;487
28481;3426
28486;4121
28507;3081
28535;3733
28569;5159
28578;3929
28597;3180
28608;5016
28739;4641
28746;3131
28749;2447
28766;454
28772;921
28802;939
28804;568
28804;616
28817;4816
28820;2736
28840;3275
28872;2274
28908;1840
28958;301
28972;38
28980;66
28989;1985
29002;137
29002;1569
29015;4588
29048;4086
29048;4291
29048;4403
29082;544
29082;545
29083;1064
29109;3285
29117;1767
29274;2462
29280;1712
29307;4585
29337;244
29337;1377
29342;4512
29360;2264
29381;2441
29388;1323
29390;1622
29396;4596
29399;1379
29463;921
29463;1787
29471;3439
29476;3450
29495;1506
29500;199
29588;2774
29591;2568
29591;2770
29591;3044
29591;4650
29611;2636
29622;4727
29699;4962
29705;262
29719;2851
29782;37
29839;5178
29864;5232
29889;264
29936;1124
29936;1170
29936;1435
29936;1440
29936;1449
29936;1452
29936;1453
29936;1454
29936;1461
29936;1462
29936;1466
29936;1469
29936;1474
29936;1673
29936;1681
29936;1719
29936;1725
29936;2009
29936;2258
29936;2274
29936;2399
29938;4442
29957;1626
29957;4724
29964;3611
29964;3757
30043;1789
30049;2252
30079;1884
30081;5091
30097;1016
30111;4776
30159;5086
30185;3440
30194;2897
30227;2152
30290;292
30290;294
30290;295
30292;1648
30303;1371
30317;2789
30337;3006
30349;1985
30353;587
30353;2686
30353;3113
30373;222
30378;353
30415;739
30415;1177
30455;5151
30527;2928
30534;715
30548;2619
30557;3594
30557;3603
30557;3648
30557;3655
30557;3677
30557;3706
30557;3765
30557;3788
30557;3803
30557;3836
30557;3843
30557;3857
30570;5083
30582;5229
30594;5113
30602;1752
30626;2570
30714;3275
30727;2767
30728;662
30728;1011
30728;4933
30737;2382
30759;7
30788;2927
30789;1858
30792;1329
30833;1041
30849;4718
30861;818
30873;1069
30893;2848
30897;3235
30914;2344
30948;3457
30971;3460
30973;2976
30981;952
30985;3070
31016;3051
31058;3128
31058;4976
31075;4866
31078;4159
31099;3311
31111;5158
31154;34
31188;4271
31226;677
31249;4566
31252;39
31252;4893
31256;4867
31259;4451
31282;570
31296;508
31301;3830
31326;5129
31375;2650
31378;2755
31418;916
31442;5132
31445;123
31445;2811
31451;4705
31517;3135
31546;498
31549;3508
31551;4016
31551;4017
31560;1695
31569;533
31580;2905
31580;4907
31590;3012
31590;5124
31614;4098
31619;3258
31627;890
31646;312
31673;347
31712;4737
31748;3233
31749;426
31806;1667
31810;5077
31837;4368
31886;5259
31917;740
31917;2538
31928;923
31954;2973
31975;804
31979;323
32037;4593
32037;4594
32077;1733
32148;643
32253;630
32257;5157
32262;2257
32262;2273
32262;2285
32277;3023
32289;4298
32295;2017
32308;1635
32309;3200
32359;1323
32371;467
32377;2255
32380;3100
32396;1807
32414;2283
32424;1653
32518;1646
32548;4237
32554;975
32566;2236
32582;4717
32600;1654
32601;2201
32610;1881
32611;5007
32621;2218
32650;3587
32650;3777
32673;3983
32692;3176
32719;1821
32732;20
32738;1120
32749;1376
32810;63
32811;398
32811;5144
32813;145
32839;2705
32864;997
32902;4675
32903;4683
32913;5313
32992;4430
32997;4789
33037;4818
33053;1048
33053;1832
33053;2655
33068;371
33096;642
33097;625
33102;2976
33137;3012
33190;2723
33218;3014
33235;2219
33253;1935
33365;1019
33373;3927
33390;2438
33394;4112
33394;4120
33431;2192
33436;2674
33436;2681
33482;845
33612;4623
33613;474
33675;5246
33702;1596
33727;354
33731;285
33731;5172
33735;76
33760;2640
33770;1797
33777;5303
33813;2868
33820;2679
33824;2907
33856;5094
33858;909
33865;1161
33903;32
33913;322
33931;847
33949;3076
34044;3976
34121;3051
34148;1145
34148;1524
34203;5297
34264;439
34268;2251
34271;2252
34468;2597
34472;462
34507;2198
34509;5247
34571;4962
34604;3136
34635;2807
34649;2891
34658;2371
34676;4735
34738;2222
34778;5210
34802;1455
34811;423
34848;5302
34870;4505
34899;3985
34905;5139
34910;2075
34918;11
34950;3359
34965;1309
34987;144
35044;421
35105;1455
35182;67
35189;1946
35197;1546
35199;1959
35257;2070
35315;4743
35324;2227
35362;2159
35394;714
35406;1701
35406;1737
35406;2275
35406;2761
35406;2787
35406;2797
35406;2805
35406;2940
35406;3021
35406;3027
35406;3040
35406;3044
35406;3046
35406;3053
35406;3055
35485;4821
35521;1621
35522;1850
35522;4305
35543;3939
35562;209
35577;264
35581;2920
35628;325
35724;3973
35804;707
35849;676
35858;2174
35882;3284
35910;3754
35921;4282
35973;52
35994;4595
36003;2511
36005;4682
36010;1210
36015;686
36071;1827
36071;5163
36092;5105
36104;2939
36118;4273
36118;4479
36120;4279
36121;4416
36152;3488
36177;1626
36193;1897
36215;1753
36227;2822
36296;2979
36297;2979
36306;445
36359;3356
36359;3358
36382;3388
36416;2357
36422;3927
36435;3132
36440;2106
36450;4749
36498;3961
36510;1854
36522;2208
36563;1848
36564;2221
36564;4768
36570;4011
36574;4982
36577;628
36579;921
36584;3557
36601;4557
36614;166
36615;283
36631;3511
36640;1320
36666;5191
36726;169
36726;546
36726;4997
36811;1455
36817;951
36821;3172
36827;176
36827;973
36845;603
36848;2680
36848;4568
36848;4569
36848;4571
36848;4572
36848;4573
36848;4574
36848;4575
36848;4576
36860;3097
36870;4117
36885;4272
36904;1430
36932;3925
36967;4357
36974;2790
37004;983
37014;338
37014;1213
37014;2505
37034;1941
37034;2318
37036;2074
37060;4197
37084;5278
37105;127
37111;927
37170;802
37177;1796
37187;2412
37249;476
37288;825
37309;2252
37393;712
37400;1164
37404;4938
37424;3952
37448;5019
37488;3117
37509;1327
37620;275
37639;4334
37696;4069
37703;2463
37703;4184
37741;4111
37741;4398
37742;1638
37747;971
37785;2738
37838;652
37869;3745
37888;2642
37888;2652
37888;3144
37891;3917
37922;2269
37932;96
37962;349
37962;1777
37962;2486
37974;4296
37974;4480
37980;4218
38006;2467
38018;1800
38024;3116
38049;1218
38057;0
38063;335
38084;2880
38084;3149
38085;1106
38091;2735
38122;3194
38130;4052
38131;4155
38131;4267
38131;4327
38278;2700
38290;2600
38304;35
38304;107
38353;2209
38379;641
38392;3232
38415;3092
38415;3205
38415;4975
38416;1842
38416;2262
38416;2289
38416;2305
38416;2313
38416;2330
38427;3148
38480;1153
38492;3634
38506;1446
38533;2697
38555;3127
38622;4015
38622;4061
38622;4347
38622;4484
38623;4161
38681;2923
38682;2015
38692;2509
38701;1690
38703;2246
38757;2252
38762;4089
38786;320
38787;1208
38808;4875
38826;644
38830;3584
38847;1627
38847;3086
38893;1058
38909;2906
38923;1660
38936;783
38940;1503
38940;2060
38948;4041
38954;4129
39008;1531
39011;5250
39017;3193
39054;3275
39085;4344
39143;5071
39168;4200
39169;2975
39240;4489
39241;4896
39245;5194
39320;849
39392;1471
39414;2826
39414;5115
39419;1631
39422;1497
39423;2133
39440;4013
39447;3238
39467;4503
39481;4152
39508;964
39533;4313
39537;4479
39540;4091
39545;4003
39586;2004
39624;1467
39624;1475
39624;1700
39640;1008
39644;3098
39661;4848
39681;884
39692;2976
39693;2649
39693;3277
39705;1403
39716;4147
39716;4220
39725;4414
39797;4074
39803;4177
39803;4246
39803;4343
39810;4871
39836;4446
39855;360
39870;566
39883;1181
39895;2475
39927;874
40004;1980
40006;4195
40006;4863
40008;2860
40036;4495
40039;4118
40051;5012
40082;55
40144;4802
40157;5203
40188;121
40254;2691
40255;2464
40267;108
40267;264
40303;648
40304;4678
40313;4763
40393;4996
40432;1427
40433;2557
40436;1328
40444;5217
40539;171
40591;2915
40599;2639
40635;2198
40650;3154
40676;2690
40687;2837
40700;2743
40701;2743
40735;3223
40768;4081
40777;4008
40790;4244
40800;4722
40826;4077
40883;3035
40912;634
40912;4654
40936;134
40943;4353
40968;2878
40992;3776
40995;4001
41032;1477
41032;1806
41032;2393
41070;2611
41083;1012
41083;2825
41083;3060
41113;4441
41135;3254
41173;1316
41224;1829
41290;831
41347;2702
41456;2178
41509;2170
41511;2466
41523;483
41526;2252
41543;2632
41554;619
41649;3275
41657;3397
41678;943
41686;3565
41687;2422
41698;372
41709;3200
41710;5134
41749;4581
41763;3931
41795;5227
41834;1707
41868;3288
41881;1476
41881;2824
41881;2913
41881;3020
41881;3071
41881;3189
41896;4584
41920;4777
41947;1301
41976;3012
42016;4280
42050;2317
42104;2885
42191;4115
42191;4219
42198;722
42236;2745
42240;3112
42241;2846
42272;2444
42285;1761
42316;936
42333;4445
42342;870
42361;416
42380;586
42383;2974
42417;1358
42430;4772
42498;1201
42532;820
42541;5138
42543;44
42576;3045
42594;2795
42625;3584
42627;1360
42627;3114
42701;1155
42773;3275
42774;1570
42774;2663
42790;1760
42800;605
42800;671
42800;897
42800;1162
42800;1182
42800;1313
42800;1606
42800;1836
42800;1972
42800;2193
42800;2270
42800;2282
42800;2359
42800;2374
42800;2504
42800;2522
42800;2559
42800;2703
42800;2734
42800;2863
42800;2864
42800;3015
42800;3120
42800;3203
42852;2160
42877;4845
42896;4233
42933;3951
42946;5061
42962;2740
43018;599
43018;600
43095;1711
43099;3584
43115;1141
43154;4656
43180;2092
43184;4136
43188;1890
43217;4729
43223;4319
43225;4497
43235;4879
43240;4532
43246;4346
43249;4419
43259;3185
43262;4164
43266;4311
43266;4433
43268;4318
43268;4320
43268;4326
43268;4404
43269;4092
43293;4504
43294;4308
43296;2971
43298;4269
43305;3586
43323;4779
43334;4492
43348;2336
43348;2982
43358;4755
43403;2466
43418;5278
43487;2346
43534;3491
43535;2267
43550;658
43572;3284
43607;484
43616;1609
43655;4838
43672;918
43682;2721
43684;1647
43684;2833
43684;4909
43699;5057
43726;3377
43756;2866
43851;3357
43852;2462
43861;1304
43921;1880
43986;4231
43992;5168
44002;3325
44023;4515
44024;2547
44049;310
44084;4470
44096;4539
44136;558
44172;1425
44181;4664
44182;4618
44182;4620
44182;4621
44182;4622
44182;4624
44182;4625
44182;4627
44243;1891
44245;4967
44352;2234
44364;1587
44488;13
44500;4794
44526;317
44539;2728
44548;1319
44624;2521
44640;4781
44640;4800
44655;1971
44659;444
44659;1050
44681;2038
44725;4589
44785;3241
44802;3261
44802;3270
44839;1599
44859;3950
44880;4754
44897;442
44923;2757
44939;2524
44980;3339
44989;4465
45001;5214
45077;3326
45077;4972
45077;5268
45077;5269
45116;4924
45211;1054
45218;3602
45259;302
45299;1311
45374;2156
45390;594
45390;2090
45391;645
45423;5092
45424;49
45441;408
45444;1389
45452;2823
45543;519
45543;986
45543;1399
45543;3072
45577;2932
45585;1750
45587;1152
45592;1965
45592;2445
45597;2443
45599;4468
45612;1921
45621;4463
45643;1640
45685;1369
45704;882
45733;2476
45757;1959
45768;2554
45782;4917
45797;4648
45864;921
45864;1039
45885;1663
45888;4985
45892;1056
45900;2599
45957;51
45965;507
45971;307
45996;3750
46004;3322
46047;3960
46084;945
46146;365
46148;2645
46156;1573
46171;243
46171;1202
46171;1812
46205;7
46232;2914
46237;3498
46263;4467
46293;950
46309;2465
46315;292
46315;293
46315;294
46315;295
46359;1325
46382;1780
46396;3946
46407;1418
46444;2541
46455;250
46460;1300
46477;3229
46524;3080
46630;3484
46646;2035
46698;3090
46709;2250
46749;464
46749;597
46767;618
46781;938
46819;3146
46837;557
46843;354
46845;1312
46845;5123
46886;880
46891;529
46891;1815
46891;3566
46908;3032
46926;3858
46950;2697
46997;1514
47017;2299
47019;3182
47042;158
47042;3965
47043;3122
47087;2620
47088;21
47122;710
47135;2252
47136;2571
47179;1795
47188;4811
47234;4534
47254;264
47301;828
47365;5112
47387;9
47387;659
47401;3214
47437;921
47437;2081
47482;665
47488;1974
47488;1994
47537;1448
47562;3275
47568;3333
47569;3333
47604;407
47619;4511
47623;4590
47647;611
47669;185
47696;4958
47714;2194
47771;2095
47771;3923
47837;18
47843;296
47843;482
47843;5140
47877;1015
47889;105
47894;2586
47963;711
47963;2144
48000;993
48016;3212
48017;3347
48024;1041
48042;3158
48051;2098
48095;1397
48115;1485
48115;2856
48133;1931
48138;3453
48140;5210
48147;1055
48147;2416
48167;4035
48168;4941
48204;5291
48262;969
48264;523
48307;3152
48379;316
48382;2458
48386;1597
48542;2532
48597;5281
48633;2119
48642;1969
48652;3428
48680;3502
48693;632
48703;4986
48707;5121
48715;4943
48747;4490
48747;5255
48747;5256
48825;4549
48850;1416
48897;2106
48935;1639
49007;2229
49031;25
49044;2063
49055;4285
49094;1567
49100;4309
49165;3432
49228;1464
49231;198
49271;3469
49322;823
49332;801
49376;3047
49381;1183
49388;1296
49401;2491
49413;1961
49421;599
49421;600
49421;2246
49442;4157
49443;4396
49445;4857
49488;921
49504;2579
49506;2373
49506;3197
49506;3417
49593;4330
49604;4107
49648;5319
49648;5320
49650;1576
49652;245
49662;3109
49663;3109
49674;1425
49724;2309
49837;2900
49839;4139
49839;4148
49839;4968
49840;4143
49854;3139
49865;3248
49880;2381
49881;315
49892;4261
49892;4264
49911;4140
49917;2666
49935;5033
49945;1192
49964;704
49994;4109
50058;330
50061;3290
50082;2349
50111;4530
50120;2252
50149;2333
50150;979
50163;2408
50191;955
50221;1443
50221;1458
50265;1919
50288;3323
50292;4363
50302;958
50302;1214
50302;1346
50302;1478
50302;1975
50302;2574
50302;2893
50302;2895
50302;2899
50302;2904
50302;2909
50302;2921
50302;2924
50302;2930
50302;3061
50302;3067
50329;3019
50344;4920
50361;2602
50395;3398
50399;4788
50411;1872
50422;684
50424;1763
50424;3972
50433;1434
50459;305
50459;2323
50647;2351
50682;2252
50701;3507
50707;2801
50780;1762
50791;4804
50871;382
50874;1931
50876;1775
50921;1756
50921;2480
50926;4931
50944;350
50948;537
50951;2789
51001;1321
51028;2114
51097;875
51104;3427
51105;525
51127;585
51142;2078
51142;2320
51156;511
51156;512
51156;513
51156;514
51159;2901
51170;1103
51176;500
51179;1091
51210;1880
51225;2348
51229;2252
51250;2252
51264;742
51273;3096
51276;509
51278;386
51283;1866
51292;1757
51301;1017
51311;709
51379;4122
51385;572
51405;319
51407;5141
51419;3938
51443;4559
51454;2917
51521;4599
51530;425
51551;2242
51578;388
51660;548
51660;549
51660;550
51672;22
51672;2173
51673;5238
51700;1754
51705;699
51707;2902
51711;215
51738;4993
51768;3342
51794;4364
51797;4942
51827;47
52000;4979
52012;2388
52023;1997
52023;2014
52023;2290
52023;2314
52023;2331
52078;106
52078;202
52080;3160
52089;3082
52104;1042
52120;1692
52148;1649
52148;2926
52153;6
52185;418
52209;190
52227;2212
52229;3947
52245;3242
52304;2057
52369;3933
52369;3940
52380;5231
52382;2065
52393;4713
52403;3552
52441;1369
52460;1338
52480;2136
52494;1075
52496;3294
52544;1092
52562;4666
52563;306
52571;1849
52626;2084
52651;378
52667;1044
52667;5223
52690;4861
52690;4865
52704;4194
52704;4247
52704;4316
52705;4190
52707;4420
52727;4105
52728;4338
52729;4435
52912;4587
52927;3981
52939;3483
52941;1684
52965;3434
52983;1472
52983;1670
52992;1109
53049;2459
53076;1409
53080;2024
53089;1331
53117;2088
53119;2087
53170;977
53213;2508
53247;148
53354;2252
53363;262
53371;2450
53382;808
53398;1207
53439;32
53455;816
53493;1098
53508;3391
53522;2020
53532;2947
53549;2232
53589;1147
53590;2528
53621;3547
53640;646
53650;340
53652;5100
53667;3280
53735;1890
53744;2855
53749;4545
53758;1035
53782;5174
53800;3316
53816;2502
53849;1317
53853;2021
53865;590
53869;2771
53869;2779
53869;2788
53892;2206
53903;1449
53903;1452
53903;1461
53903;3040
53903;3055
53905;2011
53905;2288
53905;2396
53905;2526
53905;2542
53905;2563
53905;2573
53905;2581
53905;2583
53905;2592
53905;2615
53905;2628
53905;2753
53905;2830
53928;2521
53986;888
53988;1941
54056;673
54089;2819
54147;3510
54166;2695
54194;2643
54199;1105
54201;3447
54230;2401
54246;4937
54254;3392
54259;3012
54268;5318
54356;1967
54364;4100
54364;4171
54364;4198
54364;4199
54381;423
54407;1197
54441;3142
54441;3918
54441;4012
54443;5244
54469;1212
54491;1141
54496;1033
54550;2012
54553;927
54558;3216
54577;4397
54585;4321
54654;4815
54656;2298
54668;5001
54732;576
54736;3927
54744;3535
54758;3466
54824;3104
54908;1603
54953;3465
54983;3513
54992;5185
55054;3175
55110;195
55121;131
55140;3545
55168;3927
55170;1933
55258;1932
55278;2455
55305;899
55330;1191
55355;5025
55377;4558
55381;3318
55381;3998
55407;4019
55414;1184
55419;1689
55424;313
55424;2370
55447;1322
55493;3046
55578;1679
55588;4242
55605;3948
55606;2024
55611;3166
55611;3300
55636;266
55650;2205
55661;8
55661;1482
55661;1672
55679;3309
55700;2110
55735;838
55738;5245
55743;2976
55746;2252
55771;2224
55784;2391
55784;2784
55790;358
55804;2478
55841;1650
55854;431
55887;5188
55925;2948
55925;2949
55925;2950
55925;2951
55925;2952
55925;2953
55961;4418
55961;4425
55961;4864
55974;4882
55977;4886
55984;1500
55984;2377
56015;4885
56066;3064
56116;3400
56133;4345
56156;430
56156;2292
56157;410
56160;3922
56160;4018
56171;3372
56183;1146
56184;2420
56184;4756
56185;5143
56222;1132
56230;3018
56251;3052
56308;4721
56323;501
56350;4214
56350;5251
56371;4087
56371;4358
56439;2534
56469;1601
56490;1659
56511;1013
56530;1697
56542;3191
56553;504
56553;1148
56553;1405
56560;3490
56575;1668
56576;32
56607;588
56633;2870
56649;2903
56682;3919
56682;4029
56691;1550
56696;4203
56696;4964
56700;4138
56700;4434
56724;1040
56744;4178
56785;4333
56801;921
56807;4401
56839;191
56879;3975
56914;552
56939;3156
56964;4715
56976;4010
56983;1984
57004;3054
57042;4751
57055;5304
57113;5046
57133;3200
57134;3200
57152;1775
57162;1136
57192;4541
57198;4130
57202;4141
57209;4315
57221;4032
57221;4902
57241;4736
57265;917
57299;3421
57329;1139
57339;5059
57355;4600
57400;2045
57402;450
57437;5234
57508;4841
57520;5073
57538;5017
57583;1661
57597;2936
57621;3024
57621;4543
57638;724
57659;3249
57671;3286
57671;3289
57671;3345
57671;3387
57671;3481
57671;4468
57684;4546
57743;2412
57755;176
57782;2791
57825;1520
57882;5039
57903;377
57914;1088
57920;4209
57922;2467
57949;4983
57957;3415
57961;2922
57968;3025
57991;1922
58036;3962
58036;3963
58078;1400
58103;102
58143;4975
58168;4766
58217;2677
58238;2138
58262;1425
58285;294
58285;295
58295;1728
58303;3016
58322;1957
58330;170
58343;1765
58358;479
58359;4391
58365;192
58365;3525
58403;2967
58516;1337
58557;3975
58573;1683
58573;2886
58599;5218
58607;174
58627;3578
58639;452
58709;5061
58731;2316
58777;553
58843;3042
58870;2019
58899;4787
58975;453
59040;1934
59043;2172
59052;826
59091;4897
59113;957
59136;4066
59144;827
59154;4004
59157;1391
59157;1394
59167;4520
59179;2171
59254;3370
59259;1161
59263;2976
59288;1139
59289;2707
59351;1425
59355;4356
59365;261
59479;311
59479;2169
59487;1882
59551;4524
59563;989
59569;5257
59588;4525
59676;4553
59719;2623
59723;2969
59754;294
59754;295
59825;3918
59828;3126
59832;1372
59832;4769
59875;4614
59923;921
59930;4812
59950;1530
60026;4560
60033;2838
60033;3094
60036;2481
60036;3474
60046;4483
60061;2392
60061;5298
60147;5196
60147;5212
60175;3916
60178;2015
60203;3085
60226;2737
60226;2977
60253;3442
60273;219
60273;3312
60273;3313
60273;3314
60277;2494
60312;445
60328;277
60328;5080
60328;5167
60345;1666
60357;57
60396;3259
60409;5048
60420;4428
60429;4253
60501;4225
60511;3103
60515;2758
60566;5308
60589;68
60589;2718
60605;1783
60614;1045
60638;4060
60638;4064
60642;4432
60642;4496
60649;2662
60675;5042
60707;3988
60716;2253
60728;1
60755;540
60760;1094
60760;2058
60774;152
60836;4366
60896;3161
60944;3470
60944;3476
60976;1126
60976;1172
60976;1188
60976;1216
60976;1479
60976;1768
60976;2560
60976;2572
60976;2580
60976;2589
60976;2603
60976;2613
60976;2750
60976;2759
60976;2768
60976;2775
60976;2785
60976;2796
60976;2804
60976;2809
60976;2815
60976;2817
60976;2888
60990;242
61055;4966
61072;5015
61072;5035
61072;5044
61075;4680
61093;674
61100;4314
61100;4899
61113;1642
61120;4952
61123;795
61123;1575
61150;3927
61161;345
61170;2079
61174;4554
61177;1811
61178;1811
61181;1396
61181;3119
61222;4646
61301;4176
61319;5037
61367;245
61409;446
61463;4317
61467;4711
61516;2651
61541;3143
61569;2300
61600;921
61605;845
61653;3346
61660;46
61666;5010
61671;2728
61704;1292
61707;3445
61734;1089
61750;1835
61807;3506
61817;2536
61838;3924
61839;631
61844;4665
61857;2195
61866;2683
61900;532
61921;427
61970;2792
62015;3275
62053;4113
62085;3352
62104;3537
62111;390
62151;3953
62163;1315
62174;4793
62180;2143
62206;3217
62213;2332
62216;4784
62223;539
62274;2456
62285;835
62364;534
62379;1167
62392;556
62406;1930
62476;2839
62483;2708
62569;4529
62573;4223
62574;2252
62581;2148
62589;1419
62595;1538
62595;3138
62647;1982
62650;4162
62665;3088
62681;1618
62684;4825
62713;686
62736;5106
62817;4744
62834;43
62838;5116
62842;2970
62849;2055
62883;275
62892;926
62904;5266
62956;241
62966;996
62966;1951
62989;1925
63023;2577
63059;2220
63063;503
63081;100
63081;3479
63138;5066
63142;5150
63173;3335
63197;341
63223;17
63228;1611
63231;17
63237;2843
63264;3996
63270;3227
63279;2150
63280;2160
63293;557
63294;557
63320;1541
63370;4764
63377;4299
63396;3181
63416;4953
63429;257
63434;5262
63469;3210
63469;5034
63495;934
63505;2667
63511;2421
63544;4341
63564;1989
63579;3971
63602;2646
63644;5077
63694;2003
63694;4182
63699;4424
63708;4487
63716;4411
63718;4082
63718;4085
63718;4187
63718;4207
63718;4322
63718;4323
63718;4405
63718;4410
63718;4421
63718;4437
63726;4243
63730;460
63735;4071
63735;4340
63736;4339
63744;879
63750;4106
63752;3348
63769;4055
63800;4054
63804;1087
63831;2062
63894;1165
63902;128
63941;2079
63967;994
63991;4874
64004;2142
64081;1659
64099;4926
64120;346
64174;2237
64181;607
64220;2692
64236;4126
64277;4526
64290;2925
64306;415
64311;413
64311;1342
64320;2885
64336;4535
64356;2235
64395;352
64397;3544
64407;1936
64407;3155
64410;1342
64420;412
64420;1537
64427;1949
64431;168
64453;1063
64454;4755
64487;4686
64491;2029
64508;3558
64508;3560
64515;985
64561;2284
64581;454
64642;437
64642;521
64663;1494
64693;4307
64698;2744
64706;4229
64709;4212
64764;1985
64770;1515
64780;5243
64794;4048
64798;4082
64798;4185
64798;4239
64798;4241
64805;3228
64847;1900
64859;1093
64865;1577
64872;3582
64873;4208
64873;4256
64907;4408
64909;4088
64909;4128
64911;4156
64943;4462
64963;4782
64971;4090
64971;4393
64972;4031
64977;4427
64989;4044
64989;4135
64989;4235
65000;4409
65003;4078
65057;1511
65101;4192
65102;4192
65125;922
65145;1174
65208;282
65208;1644
65243;4047
65249;4039
65249;4413
65250;4049
65293;1596
65293;5155
65306;1518
65345;3679
65408;4720
65412;3964
65445;780
65458;3207
65472;4876
65484;359
65487;4034
65507;963
65512;1029
65520;2789
65523;4854
65567;4551
65567;4552
65578;3271
65601;2765
65622;1950
65636;2969
65664;5242
65679;4870
65687;1362
65761;1893
65791;1483
65824;4125
65844;1525
65846;3675
65853;5130
65862;1039
65908;95
65933;5233
65942;4797
65948;5133
65957;4777
65963;1195
65964;457
65967;4299
65977;1324
66048;3959
66061;2252
66078;2446
66207;3093
66248;3184
66249;4548
66302;2105
66303;5030
66387;3320
66399;2018
66434;2820
66444;5079
66465;2728
66490;3991
66497;5054
66553;3111
66561;1102
66607;4612
66655;2466
66676;1662
66684;2007
66691;706
66781;3502
66815;3955
66818;387
66818;1330
66818;3492
66820;637
66859;2654
66861;1104
66892;5095
66932;2694
66942;543
66967;1073
66986;2742
67000;328
67103;1869
67107;4946
67112;2369
67242;1612
67270;5116
67314;1046
67361;1179
67395;5210
67397;5002
67419;629
67419;633
67431;3449
67445;2685
67464;3554
67478;3308
67524;2418
67564;4948
67580;1818
67621;2413
67624;5036
67641;1314
67658;3573
67663;3389
67665;4359
67693;184
67746;2520
67789;3179
67819;1415
67833;3430
67842;2467
67848;2196
67872;1958
67911;389
67923;494
67979;2730
68013;2972
68037;1491
68037;2046
68043;3425
68084;5146
68265;1100
68267;3585
68301;3982
68359;2747
68359;4908
68439;2368
68462;2698
68513;4843
68513;4853
68513;4891
68515;2462
68521;4324
68544;1880
68553;2800
68627;1918
68731;3396
68765;4578
68781;5267
68897;612
68936;255
68969;62
68989;373
69021;5160
69044;2987
69055;3495
69055;3496
69055;3503
69086;101
69098;4770
69138;1803
69163;697
69165;1876
69191;4238
69191;4494
69211;2648
69233;672
69282;1595
69299;4292
69336;946
69354;3529
69368;1970
69370;4562
69374;4582
69431;4188
69473;242
69474;1809
69495;2865
69496;4096
69496;4196
69508;72
69511;4828
69526;1616
69530;362
69549;5183
69559;3516
69610;1693
69622;4662
69624;5110
69652;230
69687;369
69687;3311
69696;2082
69726;4297
69727;4191
69727;4337
69752;4127
69791;2720
69864;2687
69864;3008
69969;4058
69969;4329
69969;4450
69991;4826
69992;4222
70046;1802
70046;1822
70046;1843
70125;5305
70158;4516
70179;1057
70197;4151
70212;5078
70221;4858
70233;4449
70265;2656
70318;3480
70318;4226
70318;4352
70318;4392
70318;4415
70318;4472
70318;4485
70318;4850
70318;4880
70318;4887
70318;4939
70321;4349
70321;4869
70362;4955
70389;678
70392;4803
70426;5156
70433;3367
70452;2468
70488;1875
70499;1870
70503;3927
70503;3928
70533;1979
70533;1998
70593;2335
70614;1990
70637;3473
70661;5056
70676;4733
70706;601
70708;4714
70718;1311
70721;2540
70734;280
70757;5176
70770;3602
70773;4617
70785;4810
70798;5299
70804;927
70823;309
70827;2352
70849;2813
70869;4970
70911;4617
70912;5195
70913;1624
70932;2764
70935;3275
70940;2064
70947;4799
70961;3275
70967;524
70967;695
70967;1006
70998;397
71011;1826
71074;1429
71101;2448
71142;2008
71145;524
71150;3597
71155;1099
71197;667
71210;4801
71214;4669
71217;2272
71239;4498
71272;919
71276;471
71280;873
71297;3980
71312;2332
71314;210
71359;447
71363;447
71375;2571
71381;139
71387;3095
71413;4813
71422;5137
71427;4795
71430;424
71436;3163
71473;3065
71481;2321
71488;4652
71490;3317
71504;1144
71506;1356
71516;4699
71529;3423
71532;64
71532;1037
71549;1203
71575;3063
71590;4830
71603;1510
71611;3493
71613;5126
71640;1393
71667;1764
71700;1680
71703;1121
71708;700
71726;580
71781;2616
71793;2008
71793;2340
71796;981
71832;380
71857;2503
71876;4814
71885;5
71893;4412
71906;2709
71933;286
71933;2579
71934;3500
71993;4752
71994;2882
71994;5198
72005;937
72033;74
72040;4657
72065;4951
72132;2334
72142;4236
72142;4567
72146;4561
72184;28
72184;29
72184;4531
72184;4726
72184;5172
72201;1021
72226;4681
72280;952
72288;4748
72308;1293
72308;2107
72310;3278
72347;4075
72347;4394
72364;5263
72371;2756
72391;3436
72391;5265
72397;3337
72415;4538
72429;4925
72454;360
72477;4502
72479;4094
72479;4095
72493;4294
72503;4167
72511;1880
72521;1431
72534;3942
72548;4145
72550;3564
72574;4448
72577;4093
72578;1178
72595;354
72655;4510
72726;2861
72778;1154
72781;684
72832;1032
72905;2512
72956;2164
72972;409
72973;4360
73004;4663
73023;4108
73083;3307
73101;1710
73135;1068
73135;2135
73136;1983
73216;113
73232;976
73232;1018
73247;5249
73256;4102
73353;961
73383;948
73424;297
73425;278
73425;3141
73451;1769
73504;2727
73506;5003
73527;2696
73594;3629
73606;2358
73614;2252
73628;966
73659;4591
73704;3134
73732;4619
73745;2341
73745;2555
73747;2293
73747;3536
73769;2233
73796;5162
73798;5239
73846;1804
73857;391
73868;4995
73891;4522
73903;4266
73912;4855
73917;1480
73917;1781
73920;1529
73924;4332
73930;1333
73933;4083
73933;4166
73933;4873
73951;5122
73970;1698
73981;2449
73993;254
74048;4849
74084;2608
74104;982
74131;3251
74131;3252
74212;5127
74214;5302
74275;2467
74308;5216
74319;1425
74335;2031
74361;5301
74368;2556
74406;849
74420;829
74531;691
74546;837
74559;1851
74579;2176
74579;2177
74604;3709
74617;1543
74639;1691
74650;1334
74696;214
74696;329
74696;3549
74709;565
74717;2238
74721;48
74742;4731
74772;2625
74779;3456
74798;3355
74818;324
74825;3489
74825;3527
74837;3437
74874;3467
74924;3534
74942;3438
74954;4299
74954;4753
74959;2161
75013;4287
75021;3992
75053;4493
75067;292
75067;294
75067;295
75076;1675
75089;1311
75092;4742
75104;907
75124;4656
75125;120
75128;2452
75132;3446
75242;5288
75279;5215
75301;1691
75347;742
75350;5202
75358;3382
75380;1390
75382;5135
75390;5209
75437;314
75474;4750
75475;5045
75483;2964
75531;3059
75566;2254
75592;2079
75616;3162
75630;1020
75641;1311
75739;1973
75856;364
75871;3487
75947;1657
75983;2303
76023;4790
76079;3037
76080;5013
76082;458
76082;4615
76101;3482
76110;363
76111;360
76178;1876
76178;1964
76178;3201
76188;2998
76198;3305
76223;475
76282;5166
76400;5072
76417;1072
76446;206
76446;207
76463;2593
76476;1950
76480;2243
76528;2190
76549;5230
76557;1993
76596;2216
76621;577
76622;3011
76662;2252
76725;2038
76835;1332
76878;698
76906;1311
76910;1041
76914;4053
76924;4170
76924;4274
76934;4258
76934;4259
76941;1833
76976;167
76983;115
76991;1413
77010;876
77040;2954
77071;1705
77117;5180
77128;3583
77129;2356
77150;824
77161;4593
77188;1027
77194;4354
77201;3579
77202;813
77233;4912
77264;1526
77282;3918
77302;3429
77303;488
77309;3362
77312;3395
77325;4501
77390;4491
77395;3293
77415;3993
77451;5029
77497;2996
77600;1163
77641;839
77653;3475
77668;1340
77706;3418
77714;3041
77722;3123
77731;1375
77736;365
77773;1001
77775;2976
77801;1298
77814;3444
77860;2204
77912;1
77921;5278
77978;949
78013;3272
78122;36
78122;1130
78122;1873
78159;4245
78162;4852
78213;595
78219;921
78227;3958
78331;1412
78355;1149
78357;2699
78374;3034
78385;4234
78385;4443
78385;4456
78415;71
78439;223
78439;3171
78440;3311
78504;4672
78634;2324
78662;5228
78667;5192
78677;155
78695;2319
78715;1694
78721;448
78789;1482
78789;1641
78875;4858
78881;4395
78884;3012
78895;4206
78929;98
79038;1999
79073;2056
79074;1049
79101;5070
79159;1411
79188;3807
79203;2207
79230;559
79235;5177
79279;1830
79294;318
79297;1629
79297;5055
79326;4486
79343;4205
79343;4265
79367;2252
79505;3522
79508;851
79508;853
79519;2565
79562;1957
79576;4464
79576;4465
79594;2409
79604;5052
79608;5289
79691;254
79734;420
79734;2908
79734;3199
79777;2849
79813;3247
79819;4429
79957;61
79968;1041
79984;1347
79994;383
80020;1157
80027;3486
80041;3257
80049;3949
80058;2372
80068;656
80068;1776
80084;3187
80095;4643
80096;2498
80117;1209
80130;2783
80334;1384
80383;2466
80383;3245
80400;3281
80451;579
80473;2644
80491;5148
80505;2684
80540;1547
80545;5226
80638;2037
80661;1131
80676;522
80676;1370
80712;4458
80716;1402
80716;2733
80718;2638
80736;2339
80796;3376
80820;2591
80860;1883
80899;2132
81016;2944
81065;4556
81082;1813
81098;2362
81113;3430
81137;3000
81206;5099
81249;470
81271;1323
81288;2985
81289;3409
81295;2350
81318;5000
81328;3559
81340;4542
81355;5031
81369;339
81402;1004
81408;2094
81412;4440
81412;4453
81412;4457
81447;1003
81458;4940
81521;3575
81525;4547
81549;1744
81646;5312
81711;1156
81745;2407
81809;4355
81825;99
81827;2748
81872;4249
81878;1530
81926;1624
81928;4299
81929;2840
81986;2510
82055;2827
82062;3074
82096;1095
82120;1786
82141;3292
82141;4406
82146;2735
82163;719
82165;2621
82167;3571
82171;405
82202;4043
82202;4348
82216;4073
82247;617
82261;3311
82307;4444
82348;3920
82360;2660
82360;3435
82429;2137
82429;4211
82429;4488
82452;42
82456;640
82499;4998
82512;3151
82517;2802
82522;4616
82524;1420
82526;486
82527;2168
82528;713
82534;2252
82549;598
82561;2814
82578;3311
82591;3407
82645;4695
82720;1119
82786;4785
82799;3068
82808;2252
82814;2742
82827;4263
82832;1521
82833;4475
82837;3209
82863;3371
82887;2446
82907;3283
82934;1527
82953;5280
82971;4183
82975;4030
82975;4227
82975;4257
83017;2026
83017;2263
83017;2280
83049;1509
83071;4331
83071;4455
83088;4124
83094;2665
83110;917
83142;5271
83169;456
83169;3013
83170;2983
83185;1888
83208;4761
83252;2974
83255;5090
83263;2252
83276;4842
83279;5300
83281;1386
83288;5142
83295;480
83306;4775
83315;4835
83335;1628
83369;1899
83395;4833
83396;3321
83402;2379
83483;416
83517;2637
83533;1938
83545;832
83545;1484
83546;3526
83575;3183
83655;915
83658;1158
83671;372
83696;1568
83696;4700
83704;2460
83751;1311
83760;1299
83763;3033
83766;211
83796;3609
83838;3206
83882;2533
83886;1410
83914;1142
83935;1856
84009;956
84055;3631
84057;3275
84094;1116
84126;4519
84214;16
84235;1047
84241;4741
84244;3178
84248;3012
84278;156
84311;4747
84311;4791
84338;2214
84338;4661
84350;1351
84362;4577
84375;361
84397;3017
84446;4905
84487;1542
84503;1747
84509;331
84526;3410
84535;3551
84582;1425
84595;4758
84612;1374
84617;526
84619;2160
84651;342
84651;4780
84701;1739
84707;4658
84769;4660
84790;1487
84790;2394
84790;2760
84790;2798
84790;2806
84790;2816
84790;2832
84790;4671
84794;708
84794;2271
84811;292
84811;294
84811;295
84827;3262
84834;2875
84835;5009
84836;5009
84843;5224
84919;2596
84989;3930
84992;4844
85007;972
85021;4802
85115;1425
85161;2405
85182;5084
85197;962
85203;2461
85230;260
85273;114
85279;3935
85290;4977
85368;4693
85398;3937
85425;2192
85445;3327
85448;1198
85489;321
85540;2609
85575;419
85577;3539
85578;4673
85623;4640
85706;4459
85735;3735
85772;4642
85803;2089
85806;59
85873;1488
85875;1442
85962;263
85967;2852
85975;3315
86015;1038
86019;2268
86019;4827
86049;789
86086;1868
86093;5314
86110;5136
86116;472
86180;924
86243;4904
86265;3401
86303;5236
86309;4805
86312;4762
86323;1892
86376;604
86398;1759
86398;3378
86415;2879
86432;2995
86489;1542
86513;176
86531;2955
86691;3420
86698;3145
86820;2328
86827;1535
86830;3265
86830;4944
86840;4809
86883;3921
86995;1160
87016;411
87079;3540
87082;3583
87127;5085
87131;292
87131;294
87131;295
87201;4469
87205;4466
87230;2622
87288;4530
87292;4932
87330;4028
87355;4471
87356;1715
87404;3291
87423;1545
87505;2773
87543;591
87557;2228
87557;2419
87593;2763
87660;2067
87684;810
87703;4149
87735;3253
87743;653
87768;614
87773;3441
87792;2384
87833;3211
87870;2847
87875;4935
87877;1043
87884;3368
87934;1666
88010;2189
88021;3505
88025;1322
88044;334
88067;4932
88072;811
88080;3977
88102;1779
88109;749
88178;2491
88231;3454
88258;3334
88329;2188
88368;5125
88396;1023
88412;2742
88441;4696
88459;815
88475;558
88487;403
88514;3459
88572;5258
88616;5028
88640;406
88642;4739
88659;2647
88677;489
88677;493
88677;1968
88677;3066
88677;3394
88677;5108
88677;5109
88702;2976
88704;4592
88778;4725
