director_id;movie_id
23;1
59;2
62;3
93;4
194;5
198;6
218;7
246;8
267;9
280;10
283;11
288;12
297;13
302;14
344;15
359;16
365;17
459;18
523;19
526;20
570;21
585;22
592;23
610;24
611;25
614;26
657;28
667;29
685;31
720;32
724;33
747;34
753;35
757;36
836;37
865;38
967;39
980;40
983;41
1014;42
1019;43
1029;44
1102;45
1137;46
1138;47
1178;48
1184;49
1206;50
1217;51
1225;52
1239;53
1246;54
1328;55
1376;56
1394;57
1402;58
1432;59
1444;60
1460;61
1493;62
1498;63
1529;64
1559;65
1575;66
1578;67
1627;68
1632;69
1687;70
1689;71
1695;73
1717;74
1719;76
1723;77
1731;78
1745;79
1760;85
1772;86
1790;87
1801;88
1846;89
1852;90
1855;91
1908;93
1929;94
2000;95
2068;96
2113;98
2172;99
2194;100
2255;101
2316;102
2324;103
2326;104
2407;105
2442;106
2511;107
2530;108
2575;109
2580;112
2594;113
2640;114
2649;115
2683;116
2721;117
2737;118
2794;119
2850;120
2891;121
2934;123
2992;124
3033;126
3099;127
3113;128
3134;129
3156;130
3181;131
3252;132
3353;133
3357;134
3385;137
3393;138
3408;139
3442;140
3451;141
3463;144
3512;145
3514;147
3519;148
3545;149
3566;150
3570;151
3583;152
3608;153
3732;154
3753;155
3756;156
3764;158
3822;159
3825;160
3827;162
3833;163
3858;164
3887;165
3898;166
3985;167
4043;168
4115;169
4132;170
4138;171
4144;172
4158;173
4173;175
4178;177
4196;178
4213;179
4241;180
4246;181
4274;182
4276;183
4338;184
4353;185
4371;186
4395;187
4460;188
4467;189
4472;190
4478;191
4505;192
4509;193
4510;195
4523;196
4576;197
4616;198
4638;199
4665;200
4687;201
4700;202
4825;204
4856;205
4978;206
5041;207
5047;208
5095;209
5109;210
5126;211
5159;215
5163;217
5168;218
5171;219
5177;220
5198;221
5199;222
5231;223
5249;224
5264;225
5365;226
5409;227
5410;229
5414;230
5426;231
5444;232
5445;233
5499;234
5509;240
5584;241
5603;242
5622;243
5624;244
5628;245
5701;246
5722;247
5760;249
5786;250
5803;251
5852;252
6053;253
6177;254
6270;255
6290;256
6293;257
6324;258
6409;259
6423;260
6432;261
6552;262
6558;263
6608;264
6672;265
6692;266
6705;267
6721;268
6762;270
6796;271
6852;272
6862;273
6877;274
6895;275
6940;276
6967;277
7009;278
7031;279
7040;280
7049;281
7058;282
7075;283
7082;284
7086;285
7090;286
7091;287
7098;288
7105;289
7107;290
7125;291
7127;293
7136;295
7248;296
7264;297
7268;298
7304;300
7335;301
7347;302
7371;303
7372;304
7377;305
7382;306
7420;307
7473;308
7490;309
7501;310
7550;311
7554;312
7588;313
7635;314
7735;315
7736;316
7764;317
7791;318
7792;319
7823;320
7829;321
7841;322
7876;323
7893;324
7911;325
7987;326
7994;327
8020;328
8111;329
8112;330
8116;331
8193;332
8211;334
8212;335
8224;336
8228;337
8230;338
8248;339
8255;340
8357;341
8358;342
8360;343
8387;344
8427;345
8460;346
8479;347
8499;348
8500;349
8521;350
8542;351
8687;352
8702;353
8714;354
8718;355
8722;356
8727;357
8756;358
8759;359
8791;360
8807;361
8860;362
8861;363
8864;364
8887;365
8911;366
8963;368
8965;369
8973;370
8996;371
9031;372
9040;373
9055;374
9072;376
9083;377
9132;378
9134;379
9197;382
9227;384
9253;385
9271;386
9326;387
9354;388
9382;389
9387;390
9430;391
9478;393
9510;394
9530;396
9534;397
9537;398
9565;399
9586;400
9660;401
9683;402
9691;403
9693;404
9715;405
9865;406
9871;407
9919;408
9920;409
9932;410
9969;411
9970;412
10079;413
10108;414
10112;415
10119;416
10121;417
10124;418
10191;419
10194;420
10218;421
10379;422
10383;423
10408;424
10416;425
10436;426
10449;427
10457;428
10515;429
10516;430
10540;431
10554;437
10593;438
10596;439
10598;440
10600;441
10637;442
10649;443
10735;444
10747;445
10754;446
10758;447
10809;448
10930;449
10938;450
10982;451
10985;452
11063;453
11065;454
11070;455
11082;456
11095;457
11133;458
11134;459
11143;460
11175;461
11205;462
11220;463
11229;464
11250;465
11332;466
11367;467
11373;469
11391;470
11465;471
11492;472
11495;473
11506;474
11509;476
11548;477
11557;478
11565;479
11574;480
11585;481
11608;482
11649;483
11652;484
11679;485
11690;486
11736;487
11806;488
11812;489
11857;490
11906;491
12068;492
12074;493
12086;494
12099;495
12110;496
12111;497
12114;498
12117;499
12125;500
12168;501
12182;502
12189;503
12235;504
12258;506
12280;507
12357;508
12360;509
12389;510
12421;514
12425;515
12435;516
12436;517
12462;518
12489;519
12556;520
12567;521
12668;522
12709;523
12724;524
12747;525
12768;526
12774;527
12776;528
12781;529
12814;530
12821;531
12825;532
12826;533
12852;534
12896;535
12897;537
12925;538
12990;539
12992;540
13025;541
13037;543
13044;544
13062;545
13078;546
13093;548
13098;549
13107;550
13139;551
13171;552
13176;553
13203;554
13208;555
13226;556
13260;557
13263;558
13287;559
13303;562
13334;563
13357;564
13359;565
13363;566
13376;567
13407;568
13468;569
13469;570
13471;571
13504;572
13514;576
13521;577
13630;578
13700;579
13705;580
13706;584
13711;585
13737;586
13795;587
13805;588
13835;589
13866;590
13911;591
13937;594
13941;595
13942;597
13973;598
13974;599
13999;600
14093;601
14135;602
14149;603
14186;604
14195;605
14210;606
14243;607
14245;609
14257;610
14295;611
14297;612
14298;613
14335;614
14397;615
14429;616
14433;617
14463;618
14521;619
14538;620
14566;621
14810;622
14814;625
14864;626
14914;627
14934;628
14952;629
14954;630
15060;631
15119;632
15163;633
15183;634
15227;635
15240;636
15255;637
15292;639
15293;640
15298;641
15322;642
15370;643
15399;644
15416;645
15439;646
15447;648
15448;650
15460;651
15523;652
15571;653
15687;656
15707;657
15725;658
15727;659
15746;660
15797;661
15822;662
15862;663
15885;664
15892;665
15938;666
15940;667
15942;669
15986;670
15989;671
16015;672
16016;673
16031;675
16036;676
16040;677
16145;678
16149;679
16156;680
16173;681
16174;682
16229;683
16233;684
16252;685
16274;686
16366;687
16385;688
16391;689
16432;690
16501;691
16520;692
16529;693
16599;694
16600;696
16621;697
16666;698
16750;699
16819;700
16856;701
16869;702
16887;703
16906;704
16948;705
16965;706
16970;707
16973;708
16988;709
17014;710
17026;711
17054;712
17095;713
17111;714
17154;715
17208;716
17330;717
17338;718
17348;719
17349;720
17364;722
17383;723
17402;724
17425;725
17496;726
17590;727
17673;728
17706;729
17733;730
17764;731
17776;732
17896;733
17910;734
17919;735
17935;736
17961;737
17971;739
17983;740
17984;741
18007;742
18069;743
18102;744
18107;745
18131;746
18143;749
18178;750
18184;754
18193;755
18212;759
18252;760
18254;763
18325;764
18327;765
18329;766
18376;767
18386;768
18389;770
18406;780
18439;781
18477;782
18491;783
18530;784
18562;785
18587;786
18620;789
18638;790
18639;795
18649;796
18665;797
18669;798
18686;801
18699;802
18716;803
18724;804
18756;805
18809;806
18918;807
18938;808
18996;809
19005;810
19011;811
19017;812
19031;813
19034;814
19106;815
19126;816
19137;817
19143;818
19167;819
19202;820
19256;821
19294;822
19300;823
19309;824
19325;825
19329;826
19349;827
19360;828
19400;829
19403;830
19404;831
19410;832
19433;834
19448;835
19491;836
19540;837
19551;838
19573;839
19581;840
19589;841
19603;842
19652;844
19655;845
19660;846
19664;847
19667;848
19671;849
19675;850
19689;851
19734;852
19783;853
19790;866
19792;867
19858;868
19914;869
19915;870
19923;871
19927;872
19929;873
19939;875
19961;876
20105;877
20120;878
20133;879
20141;880
20162;881
20167;882
20237;883
20259;884
20275;886
20287;887
20329;888
20338;889
20367;890
20410;891
20417;892
20443;893
20466;894
20477;895
20488;896
20640;897
20646;898
20717;899
20755;900
20767;901
20771;902
20834;903
20864;904
20896;906
20904;907
20927;908
20952;910
21016;911
21017;912
21061;913
21074;914
21120;915
21138;916
21148;917
21187;918
21234;919
21337;920
21350;921
21406;922
21414;923
21433;924
21443;925
21472;926
21546;927
21612;934
21635;935
21638;936
21677;937
21678;938
21737;939
21775;941
21788;943
21789;944
21805;945
21834;946
21836;947
21843;948
21848;949
21849;950
21866;951
21888;952
21904;953
21954;954
21960;955
21978;956
22016;957
22019;958
22045;959
22053;960
22065;961
22067;962
22079;963
22082;964
22104;965
22122;966
22130;967
22141;968
22152;969
22153;970
22160;971
22192;972
22199;973
22205;975
22251;976
22255;977
22300;978
22318;979
22355;980
22373;981
22407;982
22444;983
22481;984
22532;985
22559;986
22603;987
22693;989
22742;990
22786;992
22799;993
22823;994
22859;995
22862;996
22863;997
22921;1000
22984;1001
23010;1003
23016;1004
23027;1005
23159;1006
23162;1007
23180;1008
23213;1009
23229;1010
23234;1011
23245;1012
23248;1013
23274;1014
23348;1015
23357;1016
23388;1017
23391;1018
23478;1019
23487;1020
23500;1021
23504;1022
23523;1023
23531;1024
23588;1025
23642;1026
23675;1027
23695;1028
23720;1029
23805;1030
23836;1031
23933;1032
23958;1033
24020;1034
24023;1035
24043;1036
24110;1037
24116;1038
24117;1039
24176;1040
24182;1041
24273;1042
24329;1043
24334;1044
24346;1045
24347;1046
24351;1047
24366;1048
24388;1049
24406;1050
24457;1051
24542;1052
24568;1053
24610;1054
24738;1055
24749;1056
24776;1057
24784;1058
24804;1059
24807;1060
24936;1061
24941;1062
24956;1063
24966;1064
25001;1065
25006;1066
25058;1067
25116;1068
25120;1069
25134;1070
25146;1071
25154;1072
25175;1073
25190;1074
25209;1075
25229;1087
25264;1088
25285;1089
25328;1090
25358;1091
25368;1092
25369;1093
25372;1094
25377;1095
25390;1096
25391;1097
25395;1098
25413;1099
25459;1100
25466;1101
25480;1102
25505;1103
25539;1104
25592;1105
25674;1106
25696;1108
25718;1109
25720;1110
25761;1111
25764;1112
25771;1113
25784;1114
25791;1115
25812;1116
25816;1117
25853;1118
25863;1119
25879;1120
25911;1121
25942;1123
25947;1124
25965;1125
25973;1126
25998;1127
26028;1128
26063;1129
26068;1130
26173;1131
26183;1132
26200;1133
26201;1134
26249;1135
26262;1136
26280;1137
26283;1138
26288;1139
26295;1140
26338;1141
26349;1142
26364;1143
26396;1144
26448;1145
26464;1146
26468;1147
26471;1148
26496;1149
26515;1150
26563;1152
26583;1153
26606;1154
26614;1155
26674;1156
26704;1157
26735;1158
26750;1160
26794;1161
26803;1162
26829;1163
26843;1164
26868;1165
26903;1166
26921;1167
26974;1168
26982;1169
26987;1170
26988;1171
27024;1172
27041;1173
27054;1174
27068;1175
27150;1176
27173;1177
27174;1178
27192;1179
27223;1180
27231;1181
27252;1182
27254;1183
27269;1184
27274;1187
27275;1188
27283;1189
27293;1190
27296;1191
27373;1192
27407;1194
27429;1195
27474;1197
27524;1198
27600;1199
27626;1200
27644;1201
27699;1202
27751;1203
27837;1204
27853;1205
27891;1206
27931;1207
27935;1208
27947;1209
27951;1210
27993;1211
27995;1212
28015;1213
28032;1214
28100;1215
28129;1216
28149;1217
28156;1218
28194;1219
28195;1220
28260;1221
28271;1222
28275;1223
28286;1224
28287;1225
28324;1226
28326;1227
28361;1228
28376;1230
28398;1241
28435;1243
28463;1245
28481;1247
28486;1248
28507;1249
28535;1250
28569;1251
28578;1252
28597;1255
28608;1256
28739;1257
28746;1258
28749;1260
28766;1261
28772;1262
28802;1265
28804;1266
28817;1267
28820;1268
28840;1269
28872;1270
28908;1271
28958;1272
28972;1273
28980;1274
28989;1280
29002;1281
29015;1282
29048;1283
29082;1284
29083;1285
29109;1290
29117;1292
29274;1293
29280;1294
29307;1295
29337;1296
29342;1297
29360;1298
29381;1299
29388;1300
29390;1301
29396;1302
29399;1303
29463;1304
29471;1305
29476;1306
29495;1308
29500;1309
29588;1310
29591;1311
29611;1312
29622;1313
29699;1314
29705;1315
29719;1316
29782;1317
29839;1318
29864;1319
29889;1320
29936;1321
29938;1322
29957;1323
29964;1324
30043;1325
30049;1326
30079;1327
30081;1328
30097;1329
30111;1330
30159;1331
30185;1332
30194;1333
30227;1334
30290;1335
30292;1336
30303;1337
30317;1338
30337;1339
30349;1340
30353;1341
30373;1342
30378;1343
30415;1344
30455;1345
30527;1346
30534;1347
30548;1348
30557;1350
30570;1351
30582;1353
30594;1355
30602;1356
30626;1357
30714;1358
30727;1359
30728;1360
30737;1361
30759;1362
30788;1363
30789;1364
30792;1365
30833;1366
30849;1367
30861;1368
30873;1369
30893;1370
30897;1371
30914;1372
30948;1373
30971;1374
30973;1375
30981;1376
30985;1377
31016;1378
31058;1379
31075;1380
31078;1381
31099;1382
31111;1383
31154;1384
31188;1385
31226;1386
31249;1387
31252;1388
31256;1389
31259;1390
31282;1391
31296;1392
31301;1393
31326;1394
31375;1395
31378;1396
31418;1397
31442;1398
31445;1399
31451;1400
31517;1401
31546;1402
31549;1403
31551;1404
31560;1405
31569;1406
31580;1407
31590;1408
31614;1409
31619;1410
31627;1411
31646;1412
31673;1413
31712;1415
31748;1416
31749;1417
31806;1418
31810;1419
31837;1420
31886;1421
31917;1422
31928;1423
31954;1425
31975;1426
31979;1427
32037;1428
32077;1429
32148;1430
32253;1431
32257;1432
32262;1433
32277;1434
32289;1435
32295;1436
32308;1437
32309;1438
32359;1439
32371;1440
32377;1441
32380;1442
32396;1443
32414;1444
32424;1446
32518;1448
32548;1449
32554;1450
32566;1452
32582;1453
32600;1454
32601;1455
32610;1456
32611;1457
32621;1458
32650;1459
32673;1461
32692;1462
32719;1463
32732;1464
32738;1465
32749;1466
32810;1467
32811;1469
32813;1470
32839;1471
32864;1472
32902;1473
32903;1474
32913;1475
32992;1476
32997;1477
33037;1478
33053;1479
33068;1480
33096;1481
33097;1482
33102;1483
33137;1484
33190;1485
33218;1486
33235;1487
33253;1489
33365;1491
33373;1492
33390;1493
33394;1494
33431;1495
33436;1496
33482;1497
33612;1498
33613;1499
33675;1500
33702;1501
33727;1502
33731;1504
33735;1505
33760;1506
33770;1507
33777;1508
33813;1509
33820;1510
33824;1511
33856;1512
33858;1514
33865;1515
33903;1516
33913;1517
33931;1518
33949;1519
34044;1520
34121;1521
34148;1522
34203;1523
34264;1524
34268;1525
34271;1526
34468;1527
34472;1528
34507;1529
34509;1530
34571;1531
34604;1532
34635;1535
34649;1536
34658;1537
34676;1538
34738;1539
34778;1541
34802;1542
34811;1543
34848;1544
34870;1545
34899;1546
34905;1547
34910;1548
34918;1549
34950;1550
34965;1556
34987;1567
35044;1568
35105;1569
35182;1570
35189;1571
35197;1572
35199;1573
35257;1576
35315;1577
35324;1578
35362;1579
35394;1580
35406;1581
35485;1583
35521;1585
35522;1586
35543;1587
35562;1588
35577;1594
35581;1595
35628;1596
35724;1597
35804;1598
35849;1599
35858;1600
35882;1601
35910;1602
35921;1603
35973;1604
35994;1605
36003;1606
36005;1607
36010;1609
36015;1610
36071;1611
36092;1612
36104;1613
36118;1614
36120;1615
36121;1616
36152;1617
36177;1618
36193;1619
36215;1620
36227;1621
36296;1622
36297;1623
36306;1624
36359;1625
36382;1626
36416;1627
36422;1628
36435;1629
36440;1630
36450;1631
36498;1632
36510;1633
36522;1634
36563;1635
36564;1636
36570;1637
36574;1638
36577;1639
36579;1640
36584;1641
36601;1642
36614;1643
36615;1644
36631;1645
36640;1646
36666;1647
36726;1648
36811;1649
36817;1650
36821;1651
36827;1652
36845;1653
36848;1654
36860;1655
36870;1656
36885;1657
36904;1658
36932;1659
36967;1660
36974;1661
37004;1662
37014;1663
37034;1664
37036;1665
37060;1666
37084;1667
37105;1668
37111;1669
37170;1670
37177;1672
37187;1673
37249;1674
37288;1675
37309;1676
37393;1677
37400;1678
37404;1680
37424;1681
37448;1682
37488;1683
37509;1684
37620;1685
37639;1688
37696;1689
37703;1690
37741;1691
37742;1692
37747;1693
37785;1694
37838;1695
37869;1696
37888;1697
37891;1698
37922;1699
37932;1700
37962;1701
37974;1702
37980;1703
38006;1704
38018;1705
38024;1706
38049;1707
38057;1708
38063;1709
38084;1710
38085;1711
38091;1712
38122;1713
38130;1714
38131;1715
38278;1716
38290;1717
38304;1718
38353;1719
38379;1721
38392;1723
38415;1724
38416;1725
38427;1726
38480;1728
38492;1729
38506;1730
38533;1733
38555;1734
38622;1735
38623;1737
38681;1738
38682;1740
38692;1741
38701;1742
38703;1743
38757;1744
38762;1745
38786;1746
38787;1747
38808;1748
38826;1749
38830;1750
38847;1751
38893;1752
38909;1753
38923;1754
38936;1755
38940;1756
38948;1757
38954;1758
39008;1759
39011;1760
39017;1761
39054;1762
39085;1763
39143;1764
39168;1765
39169;1766
39240;1767
39241;1768
39245;1769
39320;1773
39392;1774
39414;1775
39419;1776
39422;1777
39423;1779
39440;1780
39447;1781
39467;1782
39481;1783
39508;1784
39533;1785
39537;1786
39540;1787
39545;1788
39586;1789
39624;1790
39640;1791
39644;1792
39661;1793
39681;1794
39692;1795
39693;1796
39705;1797
39716;1798
39725;1799
39797;1800
39803;1801
39810;1802
39836;1803
39855;1804
39870;1805
39883;1806
39895;1807
39927;1808
40004;1809
40006;1810
40008;1811
40036;1812
40039;1813
40051;1814
40082;1815
40144;1816
40157;1817
40188;1818
40254;1819
40255;1820
40267;1821
40303;1822
40304;1823
40313;1824
40393;1825
40432;1826
40433;1827
40436;1828
40444;1829
40539;1830
40591;1831
40599;1832
40635;1833
40650;1834
40676;1835
40687;1836
40700;1837
40701;1838
40735;1840
40768;1841
40777;1842
40790;1843
40800;1844
40826;1847
40883;1848
40912;1849
40936;1850
40943;1851
40968;1852
40992;1853
40995;1854
41032;1855
41070;1856
41083;1857
41113;1858
41135;1859
41173;1860
41224;1862
41290;1863
41347;1864
41456;1865
41509;1866
41511;1867
41523;1868
41526;1870
41543;1871
41554;1872
41649;1873
41657;1874
41678;1875
41686;1876
41687;1877
41698;1878
41709;1879
41710;1880
41749;1881
41763;1882
41795;1883
41834;1884
41868;1885
41881;1886
41896;1888
41920;1889
41947;1890
41976;1891
42016;1892
42050;1893
42104;1894
42191;1895
42198;1896
42236;1898
42240;1899
42241;1900
42272;1901
42285;1902
42316;1903
42333;1904
42342;1906
42361;1907
42380;1909
42383;1910
42417;1911
42430;1912
42498;1914
42532;1918
42541;1919
42543;1920
42576;1921
42594;1922
42625;1923
42627;1924
42701;1925
42773;1926
42774;1927
42790;1928
42800;1930
42852;1931
42877;1932
42896;1933
42933;1934
42946;1936
42962;1937
43018;1938
43095;1939
43099;1940
43115;1941
43154;1942
43180;1943
43184;1944
43188;1945
43217;1946
43223;1947
43225;1948
43235;1949
43240;1950
43246;1951
43249;1952
43259;1953
43262;1954
43266;1955
43268;1956
43269;1957
43293;1958
43294;1959
43296;1960
43298;1961
43305;1962
43323;1963
43334;1964
43348;1965
43358;1966
43403;1967
43418;1968
43487;1969
43534;1970
43535;1971
43550;1973
43572;1974
43607;1975
43616;1976
43655;1977
43672;1978
43682;1979
43684;1980
43699;1982
43726;1983
43756;1984
43851;1985
43852;1986
43861;1987
43921;1988
43986;1989
43992;1990
44002;1992
44023;1993
44024;1994
44049;1995
44084;1996
44096;1997
44136;1998
44172;1999
44181;2000
44182;2001
44243;2002
44245;2003
44352;2004
44364;2005
44488;2006
44500;2007
44526;2008
44539;2009
44548;2010
44624;2011
44640;2012
44655;2013
44659;2014
44681;2015
44725;2016
44785;2017
44802;2018
44839;2019
44859;2020
44880;2021
44897;2022
44923;2023
44939;2024
44980;2025
44989;2026
45001;2027
45077;2030
45116;2031
45211;2032
45218;2033
45259;2034
45299;2035
45374;2036
45390;2037
45391;2038
45423;2039
45424;2040
45441;2041
45444;2042
45452;2043
45543;2044
45577;2046
45585;2047
45587;2048
45592;2049
45597;2051
45599;2055
45612;2056
45621;2057
45643;2058
45685;2059
45704;2060
45733;2061
45757;2062
45768;2063
45782;2064
45797;2065
45864;2066
45885;2067
45888;2069
45892;2070
45900;2071
45957;2073
45965;2074
45971;2075
45996;2076
46004;2077
46047;2078
46084;2079
46146;2081
46148;2082
46156;2083
46171;2084
46205;2085
46232;2086
46237;2087
46263;2088
46293;2089
46309;2090
46315;2091
46359;2092
46382;2094
46396;2095
46407;2097
46444;2098
46455;2099
46460;2100
46477;2101
46524;2102
46630;2103
46646;2104
46698;2105
46709;2106
46749;2107
46767;2108
46781;2109
46819;2110
46837;2111
46843;2113
46845;2114
46886;2115
46891;2116
46908;2117
46926;2118
46950;2119
46997;2120
47017;2121
47019;2122
47042;2123
47043;2124
47087;2125
47088;2126
47122;2127
47135;2128
47136;2130
47179;2131
47188;2132
47234;2133
47254;2134
47301;2135
47365;2136
47387;2137
47401;2138
47437;2139
47482;2142
47488;2143
47537;2144
47562;2145
47568;2146
47569;2148
47604;2149
47619;2150
47623;2152
47647;2153
47669;2154
47696;2155
47714;2156
47771;2157
47837;2158
47843;2159
47877;2160
47889;2161
47894;2163
47963;2164
48000;2165
48016;2166
48017;2167
48024;2168
48042;2169
48051;2170
48095;2171
48115;2172
48133;2173
48138;2174
48140;2178
48147;2179
48167;2180
48168;2181
48204;2182
48262;2183
48264;2184
48307;2185
48379;2186
48382;2187
48386;2188
48542;2189
48597;2190
48633;2191
48642;2192
48652;2193
48680;2194
48693;2195
48703;2196
48707;2197
48715;2198
48747;2199
48825;2200
48850;2201
48897;2202
48935;2203
49007;2204
49031;2205
49044;2206
49055;2207
49094;2208
49100;2209
49165;2210
49228;2211
49231;2212
49271;2213
49322;2214
49332;2216
49376;2217
49381;2218
49388;2219
49401;2220
49413;2221
49421;2222
49442;2223
49443;2224
49445;2225
49488;2226
49504;2227
49506;2228
49593;2229
49604;2230
49648;2231
49650;2232
49652;2233
49662;2234
49663;2235
49674;2236
49724;2237
49837;2238
49839;2239
49840;2240
49854;2241
49865;2242
49880;2243
49881;2244
49892;2245
49911;2246
49917;2247
49935;2248
49945;2249
49964;2250
49994;2251
50058;2252
50061;2253
50082;2254
50111;2255
50120;2256
50149;2257
50150;2258
50163;2259
50191;2260
50221;2261
50265;2262
50288;2263
50292;2264
50302;2265
50329;2266
50344;2267
50361;2268
50395;2269
50399;2270
50411;2271
50422;2272
50424;2273
50433;2274
50459;2275
50647;2276
50682;2277
50701;2278
50707;2279
50780;2280
50791;2281
50871;2282
50874;2283
50876;2284
50921;2285
50926;2286
50944;2287
50948;2288
50951;2289
51001;2290
51028;2291
51097;2292
51104;2293
51105;2294
51127;2295
51142;2297
51156;2298
51159;2299
51170;2300
51176;2301
51179;2302
51210;2303
51225;2304
51229;2305
51250;2306
51264;2307
51273;2308
51276;2309
51278;2310
51283;2311
51292;2312
51301;2313
51311;2314
51379;2316
51385;2317
51405;2318
51407;2319
51419;2320
51443;2321
51454;2322
51521;2323
51530;2324
51551;2325
51578;2326
51660;2327
51672;2328
51673;2329
51700;2330
51705;2331
51707;2332
51711;2333
51738;2334
51768;2335
51794;2336
51797;2338
51827;2339
52000;2340
52012;2341
52023;2342
52078;2344
52080;2345
52089;2346
52104;2347
52120;2348
52148;2349
52153;2350
52185;2351
52209;2352
52227;2353
52229;2354
52245;2355
52304;2356
52369;2357
52380;2358
52382;2359
52393;2360
52403;2361
52441;2362
52460;2363
52480;2364
52494;2365
52496;2366
52544;2367
52562;2368
52563;2369
52571;2370
52626;2371
52651;2372
52667;2373
52690;2374
52704;2375
52705;2376
52707;2377
52727;2378
52728;2379
52729;2380
52912;2381
52927;2382
52939;2383
52941;2384
52965;2385
52983;2386
52992;2387
53049;2388
53076;2389
53080;2390
53089;2391
53117;2392
53119;2393
53170;2394
53213;2395
53247;2396
53354;2397
53363;2398
53371;2399
53382;2400
53398;2401
53439;2402
53455;2403
53493;2404
53508;2405
53522;2406
53532;2407
53549;2408
53589;2409
53590;2410
53621;2413
53640;2414
53650;2415
53652;2416
53667;2418
53735;2419
53744;2420
53749;2421
53758;2427
53782;2428
53800;2429
53816;2430
53849;2431
53853;2432
53865;2433
53869;2434
53892;2435
53903;2436
53905;2437
53928;2438
53986;2440
53988;2441
54056;2442
54089;2443
54147;2444
54166;2445
54194;2446
54199;2447
54201;2448
54230;2449
54246;2450
54254;2451
54259;2452
54268;2453
54356;2454
54364;2455
54381;2456
54407;2458
54441;2460
54443;2461
54469;2462
54491;2463
54496;2464
54550;2465
54553;2466
54558;2467
54577;2468
54585;2469
54654;2470
54656;2471
54668;2472
54732;2473
54736;2474
54744;2475
54758;2476
54824;2477
54908;2478
54953;2479
54983;2480
54992;2481
55054;2482
55110;2484
55121;2486
55140;2487
55168;2490
55170;2491
55258;2493
55278;2494
55305;2495
55330;2496
55355;2497
55377;2498
55381;2499
55407;2500
55414;2501
55419;2502
55424;2503
55447;2504
55493;2505
55578;2507
55588;2508
55605;2509
55606;2510
55611;2511
55636;2512
55650;2513
55661;2515
55679;2516
55700;2517
55735;2518
55738;2519
55743;2520
55746;2521
55771;2522
55784;2523
55790;2524
55804;2525
55841;2526
55854;2527
55887;2528
55925;2529
55961;2530
55974;2531
55977;2532
55984;2533
56015;2534
56066;2535
56116;2536
56133;2537
56156;2538
56157;2539
56160;2541
56171;2542
56183;2543
56184;2544
56185;2545
56222;2546
56230;2547
56251;2548
56308;2549
56323;2550
56350;2551
56371;2552
56439;2553
56469;2554
56490;2555
56511;2556
56530;2557
56542;2558
56553;2559
56560;2560
56575;2561
56576;2562
56607;2563
56633;2564
56649;2565
56682;2566
56691;2567
56696;2568
56700;2569
56724;2570
56744;2571
56785;2572
56801;2573
56807;2574
56839;2575
56879;2576
56914;2577
56939;2579
56964;2580
56976;2581
56983;2582
57004;2583
57042;2584
57055;2585
57113;2586
57133;2587
57134;2588
57152;2589
57162;2590
57192;2591
57198;2592
57202;2593
57209;2596
57221;2597
57241;2598
57265;2599
57299;2600
57329;2601
57339;2602
57355;2603
57400;2604
57402;2605
57437;2606
57508;2607
57520;2608
57538;2609
57583;2610
57597;2611
57621;2612
57638;2613
57659;2614
57671;2615
57684;2616
57743;2617
57755;2618
57782;2619
57825;2620
57882;2621
57903;2622
57914;2623
57920;2625
57922;2626
57949;2627
57957;2628
57961;2630
57968;2631
57991;2632
58036;2633
58078;2634
58103;2635
58143;2636
58168;2637
58217;2638
58238;2639
58262;2641
58285;2642
58295;2643
58303;2644
58322;2645
58330;2646
58343;2647
58358;2648
58359;2649
58365;2650
58403;2651
58516;2652
58557;2653
58573;2654
58599;2655
58607;2656
58627;2657
58639;2658
58709;2659
58731;2660
58777;2661
58843;2662
58870;2663
58899;2665
58975;2666
59040;2667
59043;2668
59052;2669
59091;2673
59113;2674
59136;2675
59144;2676
59154;2677
59157;2678
59167;2679
59179;2680
59254;2681
59259;2683
59263;2684
59288;2685
59289;2686
59351;2687
59355;2688
59365;2690
59479;2691
59487;2692
59551;2694
59563;2695
59569;2696
59588;2697
59676;2698
59719;2699
59723;2700
59754;2701
59825;2702
59828;2703
59832;2704
59875;2705
59923;2706
59930;2708
59950;2709
60026;2710
60033;2718
60036;2719
60046;2720
60061;2721
60147;2723
60175;2725
60178;2726
60203;2727
60226;2728
60253;2729
60273;2730
60277;2731
60312;2732
60328;2733
60345;2734
60357;2735
60396;2736
60409;2737
60420;2738
60429;2739
60501;2740
60511;2741
60515;2742
60566;2743
60589;2744
60605;2745
60614;2746
60638;2747
60642;2748
60649;2749
60675;2750
60707;2751
60716;2752
60728;2753
60755;2754
60760;2755
60774;2756
60836;2757
60896;2758
60944;2759
60976;2760
60990;2761
61055;2762
61072;2763
61075;2764
61093;2765
61100;2766
61113;2767
61120;2768
61123;2769
61150;2770
61161;2771
61170;2772
61174;2773
61177;2774
61178;2775
61181;2776
61222;2777
61301;2778
61319;2779
61367;2781
61409;2782
61463;2783
61467;2784
61516;2785
61541;2786
61569;2787
61600;2788
61605;2789
61653;2790
61660;2791
61666;2792
61671;2793
61704;2794
61707;2795
61734;2796
61750;2797
61807;2798
61817;2799
61838;2800
61839;2801
61844;2802
61857;2803
61866;2804
61900;2805
61921;2806
61970;2807
62015;2808
62053;2809
62085;2810
62104;2811
62111;2812
62151;2813
62163;2814
62174;2815
62180;2816
62206;2817
62213;2818
62216;2819
62223;2820
62274;2821
62285;2822
62364;2823
62379;2824
62392;2825
62406;2826
62476;2827
62483;2828
62569;2829
62573;2830
62574;2831
62581;2832
62589;2833
62595;2834
62647;2835
62650;2836
62665;2837
62681;2838
62684;2839
62713;2840
62736;2841
62817;2842
62834;2843
62838;2844
62842;2845
62849;2846
62883;2847
62892;2848
62904;2849
62956;2850
62966;2851
62989;2852
63023;2853
63059;2854
63063;2855
63081;2856
63138;2857
63142;2858
63173;2859
63197;2860
63223;2861
63228;2862
63231;2863
63237;2864
63264;2865
63270;2866
63279;2867
63280;2868
63293;2869
63294;2870
63320;2871
63370;2872
63377;2873
63396;2874
63416;2875
63429;2876
63434;2877
63469;2878
63495;2879
63505;2880
63511;2882
63544;2883
63564;2884
63579;2885
63602;2886
63644;2887
63694;2888
63699;2889
63708;2890
63716;2891
63718;2892
63726;2893
63730;2894
63735;2895
63736;2896
63744;2897
63750;2898
63752;2899
63769;2900
63800;2901
63804;2902
63831;2903
63894;2904
63902;2905
63941;2906
63967;2907
63991;2908
64004;2909
64081;2910
64099;2911
64120;2912
64174;2913
64181;2914
64220;2915
64236;2916
64277;2917
64290;2918
64306;2919
64311;2920
64320;2921
64336;2922
64356;2923
64395;2924
64397;2925
64407;2926
64410;2927
64420;2928
64427;2929
64431;2930
64453;2931
64454;2932
64487;2933
64491;2936
64508;2937
64515;2939
64561;2940
64581;2943
64642;2944
64663;2945
64693;2946
64698;2947
64706;2948
64709;2949
64764;2950
64770;2951
64780;2952
64794;2953
64798;2954
64805;2955
64847;2957
64859;2958
64865;2959
64872;2960
64873;2961
64907;2962
64909;2964
64911;2966
64943;2967
64963;2968
64971;2969
64972;2970
64977;2971
64989;2972
65000;2974
65003;2975
65057;2976
65101;2977
65102;2978
65125;2979
65145;2980
65208;2981
65243;2982
65249;2983
65250;2984
65293;2985
65306;2986
65345;2987
65408;2988
65412;2989
65445;2990
65458;2991
65472;2992
65484;2993
65487;2994
65507;2995
65512;2996
65520;2997
65523;2998
65567;2999
65578;3000
65601;3001
65622;3002
65636;3003
65664;3004
65679;3005
65687;3006
65761;3007
65791;3008
65824;3010
65844;3011
65846;3012
65853;3013
65862;3014
65908;3015
65933;3016
65942;3017
65948;3018
65957;3019
65963;3020
65964;3021
65967;3022
65977;3023
66048;3024
66061;3025
66078;3026
66207;3027
66248;3028
66249;3029
66302;3030
66303;3032
66387;3033
66399;3034
66434;3035
66444;3036
66465;3037
66490;3038
66497;3039
66553;3040
66561;3041
66607;3042
66655;3043
66676;3044
66684;3045
66691;3046
66781;3047
66815;3048
66818;3051
66820;3053
66859;3054
66861;3055
66892;3056
66932;3057
66942;3058
66967;3059
66986;3060
67000;3061
67103;3062
67107;3063
67112;3064
67242;3065
67270;3066
67314;3067
67361;3068
67395;3069
67397;3070
67419;3071
67431;3072
67445;3073
67464;3074
67478;3075
67524;3076
67564;3077
67580;3078
67621;3079
67624;3080
67641;3081
67658;3082
67663;3083
67665;3084
67693;3085
67746;3086
67789;3087
67819;3088
67833;3089
67842;3090
67848;3092
67872;3093
67911;3094
67923;3095
67979;3096
68013;3097
68037;3098
68043;3099
68084;3100
68265;3101
68267;3102
68301;3103
68359;3104
68439;3105
68462;3106
68513;3107
68515;3109
68521;3110
68544;3111
68553;3112
68627;3113
68731;3114
68765;3115
68781;3116
68897;3117
68936;3119
68969;3120
68989;3121
69021;3122
69044;3123
69055;3124
69086;3125
69098;3126
69138;3127
69163;3128
69165;3129
69191;3130
69211;3131
69233;3132
69282;3134
69299;3135
69336;3136
69354;3137
69368;3138
69370;3139
69374;3140
69431;3141
69473;3142
69474;3143
69495;3144
69496;3145
69508;3146
69511;3147
69526;3148
69530;3149
69549;3150
69559;3151
69610;3152
69622;3153
69624;3154
69652;3155
69687;3156
69696;3157
69726;3158
69727;3159
69752;3160
69791;3161
69864;3162
69969;3163
69991;3164
69992;3165
70046;3166
70125;3167
70158;3168
70179;3169
70197;3171
70212;3172
70221;3173
70233;3175
70265;3176
70318;3177
70321;3178
70362;3179
70389;3180
70392;3181
70426;3182
70433;3183
70452;3184
70488;3185
70499;3186
70503;3187
70533;3188
70593;3189
70614;3190
70637;3191
70661;3192
70676;3193
70706;3194
70708;3195
70718;3196
70721;3197
70734;3198
70757;3199
70770;3200
70773;3201
70785;3202
70798;3203
70804;3204
70823;3205
70827;3206
70849;3207
70869;3208
70911;3210
70912;3211
70913;3212
70932;3213
70935;3214
70940;3215
70947;3216
70961;3217
70967;3218
70998;3219
71011;3221
71074;3222
71101;3223
71142;3224
71145;3225
71150;3226
71155;3227
71197;3228
71210;3229
71214;3230
71217;3231
71239;3232
71272;3233
71276;3234
71280;3235
71297;3236
71312;3237
71314;3238
71359;3239
71363;3240
71375;3241
71381;3242
71387;3243
71413;3244
71422;3245
71427;3246
71430;3247
71436;3248
71473;3249
71481;3250
71488;3253
71490;3254
71504;3256
71506;3257
71516;3258
71529;3259
71532;3260
71549;3261
71575;3262
71590;3264
71603;3265
71611;3266
71613;3267
71640;3268
71667;3269
71700;3270
71703;3271
71708;3272
71726;3273
71781;3274
71793;3275
71796;3277
71832;3278
71857;3279
71876;3280
71885;3281
71893;3282
71906;3283
71933;3284
71934;3285
71993;3286
71994;3287
72005;3288
72033;3289
72040;3290
72065;3291
72132;3292
72142;3293
72146;3294
72184;3295
72201;3296
72226;3298
72280;3299
72288;3300
72308;3301
72310;3303
72347;3304
72364;3305
72371;3306
72391;3307
72397;3308
72415;3309
72429;3312
72454;3313
72477;3314
72479;3315
72493;3316
72503;3317
72511;3318
72521;3319
72534;3320
72548;3321
72550;3322
72574;3323
72577;3324
72578;3325
72595;3326
72655;3327
72726;3328
72778;3329
72781;3330
72832;3331
72905;3332
72956;3333
72972;3334
72973;3335
73004;3336
73023;3337
73083;3338
73101;3339
73135;3340
73136;3341
73216;3342
73232;3343
73247;3345
73256;3346
73353;3347
73383;3348
73424;3349
73425;3350
73451;3351
73504;3352
73506;3353
73527;3354
73594;3355
73606;3356
73614;3357
73628;3358
73659;3359
73704;3360
73732;3361
73745;3362
73747;3363
73769;3364
73796;3365
73798;3366
73846;3367
73857;3368
73868;3369
73891;3370
73903;3371
73912;3372
73917;3375
73920;3376
73924;3377
73930;3378
73933;3379
73951;3380
73970;3381
73981;3382
73993;3383
74048;3384
74084;3385
74104;3386
74131;3387
74212;3388
74214;3389
74275;3390
74308;3391
74319;3392
74335;3393
74361;3394
74368;3395
74406;3396
74420;3397
74531;3398
74546;3399
74559;3400
74579;3401
74604;3402
74617;3404
74639;3405
74650;3407
74696;3409
74709;3410
74717;3411
74721;3412
74742;3413
74772;3414
74779;3415
74798;3416
74818;3417
74825;3418
74837;3419
74874;3420
74924;3421
74942;3422
74954;3423
74959;3424
75013;3425
75021;3427
75053;3428
75067;3429
75076;3430
75089;3431
75092;3432
75104;3433
75124;3434
75125;3435
75128;3436
75132;3437
75242;3438
75279;3439
75301;3440
75347;3441
75350;3442
75358;3443
75380;3444
75382;3445
75390;3446
75437;3448
75474;3449
75475;3450
75483;3451
75531;3452
75566;3453
75592;3454
75616;3455
75630;3456
75641;3457
75739;3458
75856;3459
75871;3460
75947;3461
75983;3462
76023;3463
76079;3464
76080;3465
76082;3466
76101;3467
76110;3468
76111;3469
76178;3470
76188;3471
76198;3472
76223;3473
76282;3474
76400;3475
76417;3476
76446;3477
76463;3478
76476;3479
76480;3480
76528;3481
76549;3482
76557;3483
76596;3484
76621;3485
76622;3486
76662;3487
76725;3488
76835;3489
76878;3490
76906;3491
76910;3492
76914;3493
76924;3494
76934;3495
76941;3496
76976;3497
76983;3498
76991;3499
77010;3500
77040;3501
77071;3502
77117;3503
77128;3504
77129;3505
77150;3506
77161;3507
77188;3508
77194;3509
77201;3510
77202;3511
77233;3512
77264;3513
77282;3514
77302;3515
77303;3516
77309;3517
77312;3518
77325;3519
77390;3520
77395;3521
77415;3522
77451;3523
77497;3524
77600;3525
77641;3526
77653;3527
77668;3528
77706;3529
77714;3530
77722;3531
77731;3534
77736;3535
77773;3536
77775;3537
77801;3538
77814;3540
77860;3541
77912;3542
77921;3543
77978;3544
78013;3545
78122;3546
78159;3547
78162;3548
78213;3549
78219;3550
78227;3551
78331;3552
78355;3553
78357;3554
78374;3555
78385;3556
78415;3557
78439;3558
78440;3559
78504;3560
78634;3561
78662;3562
78667;3563
78677;3564
78695;3565
78715;3566
78721;3567
78789;3568
78875;3569
78881;3570
78884;3571
78895;3572
78929;3573
79038;3574
79073;3575
79074;3576
79101;3577
79159;3578
79188;3579
79203;3580
79230;3581
79235;3582
79279;3583
79294;3584
79297;3585
79326;3586
79343;3588
79367;3589
79505;3591
79508;3593
79519;3594
79562;3597
79576;3599
79594;3601
79604;3602
79608;3613
79691;3614
79734;3618
79777;3619
79813;3620
79819;3623
79957;3625
79968;3627
79984;3631
79994;3633
80020;3643
80027;3645
80041;3647
80049;3651
80058;3652
80068;3654
80084;3658
80095;3659
80096;3660
80117;3661
80130;3663
80334;3664
80383;3667
80400;3670
80451;3672
80473;3679
80491;3680
80505;3682
80540;3683
80545;3684
80638;3688
80661;3694
80676;3696
80712;3697
80716;3700
80718;3703
80736;3704
80796;3709
80820;3710
80860;3711
80899;3712
81016;3713
81065;3715
81082;3716
81098;3717
81113;3719
81137;3720
81206;3722
81249;3723
81271;3728
81288;3733
81289;3736
81295;3740
81318;3742
81328;3745
81340;3746
81355;3748
81369;3749
81402;3750
81408;3752
81412;3760
81447;3761
81458;3763
81521;3767
81525;3768
81549;3771
81646;3773
81711;3774
81745;3775
81809;3776
81825;3785
81827;3788
81872;3795
81878;3799
81926;3800
81928;3804
81929;3806
81986;3807
82055;3812
82062;3813
82096;3816
82120;3817
82141;3818
82146;3820
82163;3821
82165;3824
82167;3825
82171;3826
82202;3829
82216;3830
82247;3832
82261;3833
82307;3835
82348;3836
82360;3840
82429;3841
82452;3843
82456;3846
82499;3851
82512;3852
82517;3854
82522;3856
82524;3863
82526;3866
82527;3867
82528;3870
82534;3873
82549;3874
82561;3875
82578;3877
82591;3882
82645;3883
82720;3884
82786;3888
82799;3890
82808;3891
82814;3897
82827;3899
82832;3904
82833;3909
82837;3912
82863;3914
82887;3915
82907;3916
82934;3917
82953;3918
82971;3919
82975;3920
83017;3921
83049;3922
83071;3923
83088;3924
83094;3925
83110;3926
83142;3928
83169;3929
83170;3930
83185;3931
83208;3932
83252;3933
83255;3935
83263;3936
83276;3937
83279;3938
83281;3939
83288;3940
83295;3942
83306;3943
83315;3944
83335;3946
83369;3947
83395;3948
83396;3949
83402;3950
83483;3951
83517;3952
83533;3953
83545;3955
83546;3956
83575;3959
83655;3960
83658;3961
83671;3962
83696;3964
83704;3965
83751;3966
83760;3969
83763;3971
83766;3972
83796;3973
83838;3975
83882;3976
83886;3977
83914;3980
83935;3981
84009;3982
84055;3983
84057;3984
84094;3985
84126;3988
84214;3990
84235;3991
84241;3992
84244;3993
84248;3995
84278;3996
84311;3997
84338;3998
84350;4001
84362;4002
84375;4003
84397;4004
84446;4005
84487;4006
84503;4007
84509;4008
84526;4009
84535;4010
84582;4011
84595;4012
84612;4013
84617;4014
84619;4015
84651;4016
84701;4017
84707;4018
84769;4019
84790;4020
84794;4021
84811;4022
84827;4025
84834;4026
84835;4027
84836;4028
84843;4029
84919;4030
84989;4031
84992;4032
85007;4033
85021;4034
85115;4035
85161;4036
85182;4037
85197;4038
85203;4039
85230;4040
85273;4041
85279;4042
85290;4043
85368;4044
85398;4045
85425;4046
85445;4047
85448;4048
85489;4049
85540;4050
85575;4051
85577;4052
85578;4053
85623;4054
85706;4055
85735;4056
85772;4057
85803;4058
85806;4059
85873;4060
85875;4061
85962;4062
85967;4063
85975;4064
86015;4065
86019;4066
86049;4067
86086;4068
86093;4069
86110;4070
86116;4071
86180;4072
86243;4073
86265;4074
86303;4075
86309;4076
86312;4077
86323;4078
86376;4079
86398;4080
86415;4081
86432;4082
86489;4083
86513;4084
86531;4085
86691;4086
86698;4087
86820;4088
86827;4089
86830;4090
86840;4091
86883;4092
86995;4093
87016;4094
87079;4095
87082;4096
87127;4097
87131;4098
87201;4099
87205;4100
87230;4101
87288;4102
87292;4103
87330;4104
87355;4105
87356;4106
87404;4107
87423;4108
87505;4109
87543;4110
87557;4111
87593;4112
87660;4113
87684;4114
87703;4115
87735;4116
87743;4117
87768;4118
87773;4119
87792;4120
87833;4121
87870;4122
87875;4123
87877;4124
87884;4125
87934;4126
88010;4127
88021;4128
88025;4129
88044;4130
88067;4131
88072;4132
88080;4133
88102;4134
88109;4135
88178;4136
88231;4137
88258;4138
88329;4139
88368;4140
88396;4141
88412;4142
88441;4143
88459;4144
88475;4145
88487;4146
88514;4147
88572;4148
88616;4149
88640;4150
88642;4151
88659;4152
88677;4153
88702;4154
88704;4155
88778;4156
